region,capacity_scenario,lifetime_scenario,year,material,source_range,raw_midpoint_weight_percent,normalized_weight_percent,annual_material_tonnes,cumulative_material_tonnes
India,Conservative,Fixed_25,2045,Glass,68-72%,70.0,70.79288025889969,273749.3426375405,1709456.7758899676
India,Conservative,Fixed_25,2045,Aluminium,12-14%,13.0,13.147249190938512,50839.16363268609,317470.5440938511
India,Conservative,Fixed_25,2045,Polymers,8-10%,9.0,9.101941747572816,35196.34405339806,219787.29975728155
India,Conservative,Fixed_25,2045,Silicon,3-4%,3.5,3.5396440129449838,13687.467131877023,85472.83879449838
India,Conservative,Fixed_25,2045,Copper,2-4%,3.0,3.033980582524272,11732.11468446602,73262.43325242717
India,Conservative,Fixed_25,2045,Silver,0.03-0.08%,0.055,0.05562297734627832,215.08876921521036,1343.1446096278316
India,Conservative,Fixed_25,2045,Zinc,0.03-0.10%,0.065,0.06573624595469256,254.19581816343043,1587.3527204692555
India,Conservative,Fixed_25,2045,Lead,0.01-0.05%,0.03,0.03033980582524272,117.3211468446602,732.6243325242718
India,Conservative,Fixed_25,2045,Tin,0.01-0.05%,0.03,0.03033980582524272,117.3211468446602,732.6243325242718
India,Conservative,Fixed_25,2045,Other,<0.20%,0.2,0.2022653721682848,782.1409789644014,4884.162216828479
India,Conservative,Early_Loss,2045,Glass,68-72%,70.0,70.79288025889969,786275.4232308127,6431871.958161757
India,Conservative,Early_Loss,2045,Aluminium,12-14%,13.0,13.147249190938512,146022.57860000804,1194490.5065157549
India,Conservative,Early_Loss,2045,Polymers,8-10%,9.0,9.101941747572816,101092.55441539019,826954.9660493687
India,Conservative,Early_Loss,2045,Silicon,3-4%,3.5,3.5396440129449838,39313.77116154063,321593.5979080879
India,Conservative,Early_Loss,2045,Copper,2-4%,3.0,3.033980582524272,33697.5181384634,275651.6553497896
India,Conservative,Early_Loss,2045,Silver,0.03-0.08%,0.055,0.05562297734627832,617.7878325384955,5053.6136814128095
India,Conservative,Early_Loss,2045,Zinc,0.03-0.10%,0.065,0.06573624595469256,730.1128930000402,5972.4525325787745
India,Conservative,Early_Loss,2045,Lead,0.01-0.05%,0.03,0.03033980582524272,336.97518138463397,2756.516553497896
India,Conservative,Early_Loss,2045,Tin,0.01-0.05%,0.03,0.03033980582524272,336.97518138463397,2756.516553497896
India,Conservative,Early_Loss,2045,Other,<0.20%,0.2,0.2022653721682848,2246.5012092308934,18376.777023319308
India,Conservative,Regular_Loss,2045,Glass,68-72%,70.0,70.79288025889969,402781.27072296065,1971809.6616287567
India,Conservative,Regular_Loss,2045,Aluminium,12-14%,13.0,13.147249190938512,74802.23599140698,366193.2228739119
India,Conservative,Regular_Loss,2045,Polymers,8-10%,9.0,9.101941747572816,51786.163378666366,253518.3850665544
India,Conservative,Regular_Loss,2045,Silicon,3-4%,3.5,3.5396440129449838,20139.063536148034,98590.48308143782
India,Conservative,Regular_Loss,2045,Copper,2-4%,3.0,3.033980582524272,17262.054459555457,84506.12835551813
India,Conservative,Regular_Loss,2045,Silver,0.03-0.08%,0.055,0.05562297734627832,316.4709984251833,1549.2790198511657
India,Conservative,Regular_Loss,2045,Zinc,0.03-0.10%,0.065,0.06573624595469256,374.01117995703487,1830.9661143695596
India,Conservative,Regular_Loss,2045,Lead,0.01-0.05%,0.03,0.03033980582524272,172.62054459555458,845.0612835551814
India,Conservative,Regular_Loss,2045,Tin,0.01-0.05%,0.03,0.03033980582524272,172.62054459555458,845.0612835551814
India,Conservative,Regular_Loss,2045,Other,<0.20%,0.2,0.2022653721682848,1150.8036306370304,5633.741890367876
India,Medium,Fixed_25,2045,Glass,68-72%,70.0,70.79288025889969,273749.3426375405,1709456.7758899676
India,Medium,Fixed_25,2045,Aluminium,12-14%,13.0,13.147249190938512,50839.16363268609,317470.5440938511
India,Medium,Fixed_25,2045,Polymers,8-10%,9.0,9.101941747572816,35196.34405339806,219787.29975728155
India,Medium,Fixed_25,2045,Silicon,3-4%,3.5,3.5396440129449838,13687.467131877023,85472.83879449838
India,Medium,Fixed_25,2045,Copper,2-4%,3.0,3.033980582524272,11732.11468446602,73262.43325242717
India,Medium,Fixed_25,2045,Silver,0.03-0.08%,0.055,0.05562297734627832,215.08876921521036,1343.1446096278316
India,Medium,Fixed_25,2045,Zinc,0.03-0.10%,0.065,0.06573624595469256,254.19581816343043,1587.3527204692555
India,Medium,Fixed_25,2045,Lead,0.01-0.05%,0.03,0.03033980582524272,117.3211468446602,732.6243325242718
India,Medium,Fixed_25,2045,Tin,0.01-0.05%,0.03,0.03033980582524272,117.3211468446602,732.6243325242718
India,Medium,Fixed_25,2045,Other,<0.20%,0.2,0.2022653721682848,782.1409789644014,4884.162216828479
India,Medium,Early_Loss,2045,Glass,68-72%,70.0,70.79288025889969,1043017.5309444497,7836384.280587607
India,Medium,Early_Loss,2045,Aluminium,12-14%,13.0,13.147249190938512,193703.25574682638,1455328.509251984
India,Medium,Early_Loss,2045,Polymers,8-10%,9.0,9.101941747572816,134102.25397857212,1007535.121789835
India,Medium,Early_Loss,2045,Silicon,3-4%,3.5,3.5396440129449838,52150.87654722249,391819.21402938035
India,Medium,Early_Loss,2045,Copper,2-4%,3.0,3.033980582524272,44700.7513261907,335845.0405966117
India,Medium,Early_Loss,2045,Silver,0.03-0.08%,0.055,0.05562297734627832,819.5137743134962,6157.159077604548
India,Medium,Early_Loss,2045,Zinc,0.03-0.10%,0.065,0.06573624595469256,968.5162787341319,7276.64254625992
India,Medium,Early_Loss,2045,Lead,0.01-0.05%,0.03,0.03033980582524272,447.00751326190704,3358.450405966117
India,Medium,Early_Loss,2045,Tin,0.01-0.05%,0.03,0.03033980582524272,447.00751326190704,3358.450405966117
India,Medium,Early_Loss,2045,Other,<0.20%,0.2,0.2022653721682848,2980.0500884127136,22389.66937310745
India,Medium,Regular_Loss,2045,Glass,68-72%,70.0,70.79288025889969,438357.79937416856,2077324.9219203142
India,Medium,Regular_Loss,2045,Aluminium,12-14%,13.0,13.147249190938512,81409.30559805987,385788.9140709155
India,Medium,Regular_Loss,2045,Polymers,8-10%,9.0,9.101941747572816,56360.28849096452,267084.6328183261
India,Medium,Regular_Loss,2045,Silicon,3-4%,3.5,3.5396440129449838,21917.889968708427,103866.24609601572
India,Medium,Regular_Loss,2045,Copper,2-4%,3.0,3.033980582524272,18786.76283032151,89028.21093944203
India,Medium,Regular_Loss,2045,Silver,0.03-0.08%,0.055,0.05562297734627832,344.423985222561,1632.183867223104
India,Medium,Regular_Loss,2045,Zinc,0.03-0.10%,0.065,0.06573624595469256,407.04652799029935,1928.9445703545773
India,Medium,Regular_Loss,2045,Lead,0.01-0.05%,0.03,0.03033980582524272,187.8676283032151,890.2821093944204
India,Medium,Regular_Loss,2045,Tin,0.01-0.05%,0.03,0.03033980582524272,187.8676283032151,890.2821093944204
India,Medium,Regular_Loss,2045,Other,<0.20%,0.2,0.2022653721682848,1252.4508553547673,5935.2140626294695
India,High,Fixed_25,2045,Glass,68-72%,70.0,70.79288025889969,273749.3426375405,1709456.7758899676
India,High,Fixed_25,2045,Aluminium,12-14%,13.0,13.147249190938512,50839.16363268609,317470.5440938511
India,High,Fixed_25,2045,Polymers,8-10%,9.0,9.101941747572816,35196.34405339806,219787.29975728155
India,High,Fixed_25,2045,Silicon,3-4%,3.5,3.5396440129449838,13687.467131877023,85472.83879449838
India,High,Fixed_25,2045,Copper,2-4%,3.0,3.033980582524272,11732.11468446602,73262.43325242717
India,High,Fixed_25,2045,Silver,0.03-0.08%,0.055,0.05562297734627832,215.08876921521036,1343.1446096278316
India,High,Fixed_25,2045,Zinc,0.03-0.10%,0.065,0.06573624595469256,254.19581816343043,1587.3527204692555
India,High,Fixed_25,2045,Lead,0.01-0.05%,0.03,0.03033980582524272,117.3211468446602,732.6243325242718
India,High,Fixed_25,2045,Tin,0.01-0.05%,0.03,0.03033980582524272,117.3211468446602,732.6243325242718
India,High,Fixed_25,2045,Other,<0.20%,0.2,0.2022653721682848,782.1409789644014,4884.162216828479
India,High,Early_Loss,2045,Glass,68-72%,70.0,70.79288025889969,1307158.4412703502,9176258.629053164
India,High,Early_Loss,2045,Aluminium,12-14%,13.0,13.147249190938512,242757.99623592215,1704162.3168241591
India,High,Early_Loss,2045,Polymers,8-10%,9.0,9.101941747572816,168063.22816333073,1179804.6808782641
India,High,Early_Loss,2045,Silicon,3-4%,3.5,3.5396440129449838,65357.92206351751,458812.93145265826
India,High,Early_Loss,2045,Copper,2-4%,3.0,3.033980582524272,56021.076054443576,393268.22695942136
India,High,Early_Loss,2045,Silver,0.03-0.08%,0.055,0.05562297734627832,1027.0530609981322,7209.917494256058
India,High,Early_Loss,2045,Zinc,0.03-0.10%,0.065,0.06573624595469256,1213.7899811796108,8520.811584120796
India,High,Early_Loss,2045,Lead,0.01-0.05%,0.03,0.03033980582524272,560.2107605444357,3932.6822695942137
India,High,Early_Loss,2045,Tin,0.01-0.05%,0.03,0.03033980582524272,560.2107605444357,3932.6822695942137
India,High,Early_Loss,2045,Other,<0.20%,0.2,0.2022653721682848,3734.738403629572,26217.881797294758
India,High,Regular_Loss,2045,Glass,68-72%,70.0,70.79288025889969,466014.9845987233,2155710.6697883713
India,High,Regular_Loss,2045,Aluminium,12-14%,13.0,13.147249190938512,86545.63999690575,400346.26724641176
India,High,Regular_Loss,2045,Polymers,8-10%,9.0,9.101941747572816,59916.212305550136,277162.800401362
India,High,Regular_Loss,2045,Silicon,3-4%,3.5,3.5396440129449838,23300.749229936166,107785.53348941857
India,High,Regular_Loss,2045,Copper,2-4%,3.0,3.033980582524272,19972.07076851671,92387.60013378733
India,High,Regular_Loss,2045,Silver,0.03-0.08%,0.055,0.05562297734627832,366.15463075613974,1693.7726691194343
India,High,Regular_Loss,2045,Zinc,0.03-0.10%,0.065,0.06573624595469256,432.72819998452877,2001.7313362320588
India,High,Regular_Loss,2045,Lead,0.01-0.05%,0.03,0.03033980582524272,199.72070768516716,923.8760013378734
India,High,Regular_Loss,2045,Tin,0.01-0.05%,0.03,0.03033980582524272,199.72070768516716,923.8760013378734
India,High,Regular_Loss,2045,Other,<0.20%,0.2,0.2022653721682848,1331.471384567781,6159.173342252489
Gujarat,Conservative,Fixed_25,2045,Glass,68-72%,70.0,70.79288025889969,22396.885113268607,146000.9708737864
Gujarat,Conservative,Fixed_25,2045,Aluminium,12-14%,13.0,13.147249190938512,4159.421521035599,27114.466019417476
Gujarat,Conservative,Fixed_25,2045,Polymers,8-10%,9.0,9.101941747572816,2879.5995145631064,18771.55339805825
Gujarat,Conservative,Fixed_25,2045,Silicon,3-4%,3.5,3.5396440129449838,1119.8442556634304,7300.0485436893205
Gujarat,Conservative,Fixed_25,2045,Copper,2-4%,3.0,3.033980582524272,959.8665048543688,6257.184466019417
Gujarat,Conservative,Fixed_25,2045,Silver,0.03-0.08%,0.055,0.05562297734627832,17.597552588996763,114.71504854368932
Gujarat,Conservative,Fixed_25,2045,Zinc,0.03-0.10%,0.065,0.06573624595469256,20.79710760517799,135.57233009708736
Gujarat,Conservative,Fixed_25,2045,Lead,0.01-0.05%,0.03,0.03033980582524272,9.598665048543689,62.571844660194174
Gujarat,Conservative,Fixed_25,2045,Tin,0.01-0.05%,0.03,0.03033980582524272,9.598665048543689,62.571844660194174
Gujarat,Conservative,Fixed_25,2045,Other,<0.20%,0.2,0.2022653721682848,63.9911003236246,417.1456310679612
Gujarat,Conservative,Early_Loss,2045,Glass,68-72%,70.0,70.79288025889969,75279.07899876716,742742.9229103962
Gujarat,Conservative,Early_Loss,2045,Aluminium,12-14%,13.0,13.147249190938512,13980.400385485329,137937.97139764501
Gujarat,Conservative,Early_Loss,2045,Polymers,8-10%,9.0,9.101941747572816,9678.73872841292,95495.51865990808
Gujarat,Conservative,Early_Loss,2045,Silicon,3-4%,3.5,3.5396440129449838,3763.9539499383577,37137.14614551981
Gujarat,Conservative,Early_Loss,2045,Copper,2-4%,3.0,3.033980582524272,3226.2462428043063,31831.839553302692
Gujarat,Conservative,Early_Loss,2045,Silver,0.03-0.08%,0.055,0.05562297734627832,59.147847784745615,583.5837251438827
Gujarat,Conservative,Early_Loss,2045,Zinc,0.03-0.10%,0.065,0.06573624595469256,69.90200192742664,689.689856988225
Gujarat,Conservative,Early_Loss,2045,Lead,0.01-0.05%,0.03,0.03033980582524272,32.262462428043065,318.31839553302694
Gujarat,Conservative,Early_Loss,2045,Tin,0.01-0.05%,0.03,0.03033980582524272,32.262462428043065,318.31839553302694
Gujarat,Conservative,Early_Loss,2045,Other,<0.20%,0.2,0.2022653721682848,215.08308285362045,2122.1226368868465
Gujarat,Conservative,Regular_Loss,2045,Glass,68-72%,70.0,70.79288025889969,56728.78800188315,280373.60829017044
Gujarat,Conservative,Regular_Loss,2045,Aluminium,12-14%,13.0,13.147249190938512,10535.346343206871,52069.38439674593
Gujarat,Conservative,Regular_Loss,2045,Polymers,8-10%,9.0,9.101941747572816,7293.701314527833,36048.03535159334
Gujarat,Conservative,Regular_Loss,2045,Silicon,3-4%,3.5,3.5396440129449838,2836.4394000941575,14018.68041450852
Gujarat,Conservative,Regular_Loss,2045,Copper,2-4%,3.0,3.033980582524272,2431.2337715092776,12016.011783864446
Gujarat,Conservative,Regular_Loss,2045,Silver,0.03-0.08%,0.055,0.05562297734627832,44.572619144336755,220.29354937084818
Gujarat,Conservative,Regular_Loss,2045,Zinc,0.03-0.10%,0.065,0.06573624595469256,52.67673171603435,260.34692198372966
Gujarat,Conservative,Regular_Loss,2045,Lead,0.01-0.05%,0.03,0.03033980582524272,24.312337715092777,120.16011783864447
Gujarat,Conservative,Regular_Loss,2045,Tin,0.01-0.05%,0.03,0.03033980582524272,24.312337715092777,120.16011783864447
Gujarat,Conservative,Regular_Loss,2045,Other,<0.20%,0.2,0.2022653721682848,162.08225143395185,801.0674522576298
Gujarat,Medium,Fixed_25,2045,Glass,68-72%,70.0,70.79288025889969,22396.885113268607,146000.9708737864
Gujarat,Medium,Fixed_25,2045,Aluminium,12-14%,13.0,13.147249190938512,4159.421521035599,27114.466019417476
Gujarat,Medium,Fixed_25,2045,Polymers,8-10%,9.0,9.101941747572816,2879.5995145631064,18771.55339805825
Gujarat,Medium,Fixed_25,2045,Silicon,3-4%,3.5,3.5396440129449838,1119.8442556634304,7300.0485436893205
Gujarat,Medium,Fixed_25,2045,Copper,2-4%,3.0,3.033980582524272,959.8665048543688,6257.184466019417
Gujarat,Medium,Fixed_25,2045,Silver,0.03-0.08%,0.055,0.05562297734627832,17.597552588996763,114.71504854368932
Gujarat,Medium,Fixed_25,2045,Zinc,0.03-0.10%,0.065,0.06573624595469256,20.79710760517799,135.57233009708736
Gujarat,Medium,Fixed_25,2045,Lead,0.01-0.05%,0.03,0.03033980582524272,9.598665048543689,62.571844660194174
Gujarat,Medium,Fixed_25,2045,Tin,0.01-0.05%,0.03,0.03033980582524272,9.598665048543689,62.571844660194174
Gujarat,Medium,Fixed_25,2045,Other,<0.20%,0.2,0.2022653721682848,63.9911003236246,417.1456310679612
Gujarat,Medium,Early_Loss,2045,Glass,68-72%,70.0,70.79288025889969,120124.29566580574,1059839.221767697
Gujarat,Medium,Early_Loss,2045,Aluminium,12-14%,13.0,13.147249190938512,22308.797766506777,196827.28404257228
Gujarat,Medium,Early_Loss,2045,Polymers,8-10%,9.0,9.101941747572816,15444.552299889308,136265.0427987039
Gujarat,Medium,Early_Loss,2045,Silicon,3-4%,3.5,3.5396440129449838,6006.2147832902865,52991.96108838484
Gujarat,Medium,Early_Loss,2045,Copper,2-4%,3.0,3.033980582524272,5148.184099963103,45421.6809329013
Gujarat,Medium,Early_Loss,2045,Silver,0.03-0.08%,0.055,0.05562297734627832,94.38337516599022,832.7308171031904
Gujarat,Medium,Early_Loss,2045,Zinc,0.03-0.10%,0.065,0.06573624595469256,111.54398883253388,984.1364202128614
Gujarat,Medium,Early_Loss,2045,Lead,0.01-0.05%,0.03,0.03033980582524272,51.48184099963103,454.21680932901296
Gujarat,Medium,Early_Loss,2045,Tin,0.01-0.05%,0.03,0.03033980582524272,51.48184099963103,454.21680932901296
Gujarat,Medium,Early_Loss,2045,Other,<0.20%,0.2,0.2022653721682848,343.21227333087353,3028.11206219342
Gujarat,Medium,Regular_Loss,2045,Glass,68-72%,70.0,70.79288025889969,70612.8223825796,327551.3649960343
Gujarat,Medium,Regular_Loss,2045,Aluminium,12-14%,13.0,13.147249190938512,13113.809871050496,60830.967784977795
Gujarat,Medium,Regular_Loss,2045,Polymers,8-10%,9.0,9.101941747572816,9078.791449188804,42113.74692806155
Gujarat,Medium,Regular_Loss,2045,Silicon,3-4%,3.5,3.5396440129449838,3530.64111912898,16377.568249801714
Gujarat,Medium,Regular_Loss,2045,Copper,2-4%,3.0,3.033980582524272,3026.2638163962683,14037.915642687183
Gujarat,Medium,Regular_Loss,2045,Silver,0.03-0.08%,0.055,0.05562297734627832,55.48150330059825,257.36178678259836
Gujarat,Medium,Regular_Loss,2045,Zinc,0.03-0.10%,0.065,0.06573624595469256,65.56904935525247,304.15483892488896
Gujarat,Medium,Regular_Loss,2045,Lead,0.01-0.05%,0.03,0.03033980582524272,30.262638163962684,140.37915642687184
Gujarat,Medium,Regular_Loss,2045,Tin,0.01-0.05%,0.03,0.03033980582524272,30.262638163962684,140.37915642687184
Gujarat,Medium,Regular_Loss,2045,Other,<0.20%,0.2,0.2022653721682848,201.75092109308457,935.8610428458123
Gujarat,High,Fixed_25,2045,Glass,68-72%,70.0,70.79288025889969,22396.885113268607,146000.9708737864
Gujarat,High,Fixed_25,2045,Aluminium,12-14%,13.0,13.147249190938512,4159.421521035599,27114.466019417476
Gujarat,High,Fixed_25,2045,Polymers,8-10%,9.0,9.101941747572816,2879.5995145631064,18771.55339805825
Gujarat,High,Fixed_25,2045,Silicon,3-4%,3.5,3.5396440129449838,1119.8442556634304,7300.0485436893205
Gujarat,High,Fixed_25,2045,Copper,2-4%,3.0,3.033980582524272,959.8665048543688,6257.184466019417
Gujarat,High,Fixed_25,2045,Silver,0.03-0.08%,0.055,0.05562297734627832,17.597552588996763,114.71504854368932
Gujarat,High,Fixed_25,2045,Zinc,0.03-0.10%,0.065,0.06573624595469256,20.79710760517799,135.57233009708736
Gujarat,High,Fixed_25,2045,Lead,0.01-0.05%,0.03,0.03033980582524272,9.598665048543689,62.571844660194174
Gujarat,High,Fixed_25,2045,Tin,0.01-0.05%,0.03,0.03033980582524272,9.598665048543689,62.571844660194174
Gujarat,High,Fixed_25,2045,Other,<0.20%,0.2,0.2022653721682848,63.9911003236246,417.1456310679612
Gujarat,High,Early_Loss,2045,Glass,68-72%,70.0,70.79288025889969,164371.65415251025,1348898.7336831912
Gujarat,High,Early_Loss,2045,Aluminium,12-14%,13.0,13.147249190938512,30526.164342609045,250509.76482687835
Gujarat,High,Early_Loss,2045,Polymers,8-10%,9.0,9.101941747572816,21133.49839103703,173429.83718783886
Gujarat,High,Early_Loss,2045,Silicon,3-4%,3.5,3.5396440129449838,8218.582707625512,67444.93668415956
Gujarat,High,Early_Loss,2045,Copper,2-4%,3.0,3.033980582524272,7044.49946367901,57809.94572927962
Gujarat,High,Early_Loss,2045,Silver,0.03-0.08%,0.055,0.05562297734627832,129.1491568341152,1059.849005036793
Gujarat,High,Early_Loss,2045,Zinc,0.03-0.10%,0.065,0.06573624595469256,152.6308217130452,1252.5488241343917
Gujarat,High,Early_Loss,2045,Lead,0.01-0.05%,0.03,0.03033980582524272,70.4449946367901,578.0994572927963
Gujarat,High,Early_Loss,2045,Tin,0.01-0.05%,0.03,0.03033980582524272,70.4449946367901,578.0994572927963
Gujarat,High,Early_Loss,2045,Other,<0.20%,0.2,0.2022653721682848,469.6332975786007,3853.9963819519753
Gujarat,High,Regular_Loss,2045,Glass,68-72%,70.0,70.79288025889969,81373.04006778078,362260.7473924989
Gujarat,High,Regular_Loss,2045,Aluminium,12-14%,13.0,13.147249190938512,15112.136012587858,67276.99594432123
Gujarat,High,Regular_Loss,2045,Polymers,8-10%,9.0,9.101941747572816,10462.24800871467,46576.381807606995
Gujarat,High,Regular_Loss,2045,Silicon,3-4%,3.5,3.5396440129449838,4068.652003389039,18113.037369624944
Gujarat,High,Regular_Loss,2045,Copper,2-4%,3.0,3.033980582524272,3487.41600290489,15525.460602535666
Gujarat,High,Regular_Loss,2045,Silver,0.03-0.08%,0.055,0.05562297734627832,63.935960053256316,284.63344437982056
Gujarat,High,Regular_Loss,2045,Zinc,0.03-0.10%,0.065,0.06573624595469256,75.56068006293928,336.3849797216061
Gujarat,High,Regular_Loss,2045,Lead,0.01-0.05%,0.03,0.03033980582524272,34.8741600290489,155.25460602535668
Gujarat,High,Regular_Loss,2045,Tin,0.01-0.05%,0.03,0.03033980582524272,34.8741600290489,155.25460602535668
Gujarat,High,Regular_Loss,2045,Other,<0.20%,0.2,0.2022653721682848,232.49440019365937,1035.0307068357113
Karnataka,Conservative,Fixed_25,2045,Glass,68-72%,70.0,70.79288025889969,47365.67556634305,351824.75728155347
Karnataka,Conservative,Fixed_25,2045,Aluminium,12-14%,13.0,13.147249190938512,8796.482605177995,65338.88349514564
Karnataka,Conservative,Fixed_25,2045,Polymers,8-10%,9.0,9.101941747572816,6089.872572815535,45234.61165048544
Karnataka,Conservative,Fixed_25,2045,Silicon,3-4%,3.5,3.5396440129449838,2368.2837783171526,17591.237864077673
Karnataka,Conservative,Fixed_25,2045,Copper,2-4%,3.0,3.033980582524272,2029.957524271845,15078.203883495147
Karnataka,Conservative,Fixed_25,2045,Silver,0.03-0.08%,0.055,0.05562297734627832,37.21588794498383,276.43373786407767
Karnataka,Conservative,Fixed_25,2045,Zinc,0.03-0.10%,0.065,0.06573624595469256,43.982413025889976,326.6944174757282
Karnataka,Conservative,Fixed_25,2045,Lead,0.01-0.05%,0.03,0.03033980582524272,20.29957524271845,150.7820388349515
Karnataka,Conservative,Fixed_25,2045,Tin,0.01-0.05%,0.03,0.03033980582524272,20.29957524271845,150.7820388349515
Karnataka,Conservative,Fixed_25,2045,Other,<0.20%,0.2,0.2022653721682848,135.330501618123,1005.2135922330099
Karnataka,Conservative,Early_Loss,2045,Glass,68-72%,70.0,70.79288025889969,25348.63952807781,301733.9954376924
Karnataka,Conservative,Early_Loss,2045,Aluminium,12-14%,13.0,13.147249190938512,4707.604483785879,56036.31343842859
Karnataka,Conservative,Early_Loss,2045,Polymers,8-10%,9.0,9.101941747572816,3259.110796467147,38794.37084198902
Karnataka,Conservative,Early_Loss,2045,Silicon,3-4%,3.5,3.5396440129449838,1267.4319764038905,15086.69977188462
Karnataka,Conservative,Early_Loss,2045,Copper,2-4%,3.0,3.033980582524272,1086.370265489049,12931.456947329672
Karnataka,Conservative,Early_Loss,2045,Silver,0.03-0.08%,0.055,0.05562297734627832,19.916788200632563,237.076710701044
Karnataka,Conservative,Early_Loss,2045,Zinc,0.03-0.10%,0.065,0.06573624595469256,23.538022418929394,280.1815671921429
Karnataka,Conservative,Early_Loss,2045,Lead,0.01-0.05%,0.03,0.03033980582524272,10.86370265489049,129.31456947329673
Karnataka,Conservative,Early_Loss,2045,Tin,0.01-0.05%,0.03,0.03033980582524272,10.86370265489049,129.31456947329673
Karnataka,Conservative,Early_Loss,2045,Other,<0.20%,0.2,0.2022653721682848,72.4246843659366,862.0971298219783
Karnataka,Conservative,Regular_Loss,2045,Glass,68-72%,70.0,70.79288025889969,28794.199608673833,178977.78506506543
Karnataka,Conservative,Regular_Loss,2045,Aluminium,12-14%,13.0,13.147249190938512,5347.494213039426,33238.73151208358
Karnataka,Conservative,Regular_Loss,2045,Polymers,8-10%,9.0,9.101941747572816,3702.111378258064,23011.429508365552
Karnataka,Conservative,Regular_Loss,2045,Silicon,3-4%,3.5,3.5396440129449838,1439.7099804336917,8948.889253253272
Karnataka,Conservative,Regular_Loss,2045,Copper,2-4%,3.0,3.033980582524272,1234.0371260860213,7670.476502788518
Karnataka,Conservative,Regular_Loss,2045,Silver,0.03-0.08%,0.055,0.05562297734627832,22.624013978243724,140.62540255112282
Karnataka,Conservative,Regular_Loss,2045,Zinc,0.03-0.10%,0.065,0.06573624595469256,26.737471065197127,166.19365756041788
Karnataka,Conservative,Regular_Loss,2045,Lead,0.01-0.05%,0.03,0.03033980582524272,12.340371260860215,76.70476502788519
Karnataka,Conservative,Regular_Loss,2045,Tin,0.01-0.05%,0.03,0.03033980582524272,12.340371260860215,76.70476502788519
Karnataka,Conservative,Regular_Loss,2045,Other,<0.20%,0.2,0.2022653721682848,82.2691417390681,511.36510018590127
Karnataka,Medium,Fixed_25,2045,Glass,68-72%,70.0,70.79288025889969,47365.67556634305,351824.75728155347
Karnataka,Medium,Fixed_25,2045,Aluminium,12-14%,13.0,13.147249190938512,8796.482605177995,65338.88349514564
Karnataka,Medium,Fixed_25,2045,Polymers,8-10%,9.0,9.101941747572816,6089.872572815535,45234.61165048544
Karnataka,Medium,Fixed_25,2045,Silicon,3-4%,3.5,3.5396440129449838,2368.2837783171526,17591.237864077673
Karnataka,Medium,Fixed_25,2045,Copper,2-4%,3.0,3.033980582524272,2029.957524271845,15078.203883495147
Karnataka,Medium,Fixed_25,2045,Silver,0.03-0.08%,0.055,0.05562297734627832,37.21588794498383,276.43373786407767
Karnataka,Medium,Fixed_25,2045,Zinc,0.03-0.10%,0.065,0.06573624595469256,43.982413025889976,326.6944174757282
Karnataka,Medium,Fixed_25,2045,Lead,0.01-0.05%,0.03,0.03033980582524272,20.29957524271845,150.7820388349515
Karnataka,Medium,Fixed_25,2045,Tin,0.01-0.05%,0.03,0.03033980582524272,20.29957524271845,150.7820388349515
Karnataka,Medium,Fixed_25,2045,Other,<0.20%,0.2,0.2022653721682848,135.330501618123,1005.2135922330099
Karnataka,Medium,Early_Loss,2045,Glass,68-72%,70.0,70.79288025889969,27119.97733361415,312865.0409064985
Karnataka,Medium,Early_Loss,2045,Aluminium,12-14%,13.0,13.147249190938512,5036.56721909977,58103.507596921154
Karnataka,Medium,Early_Loss,2045,Polymers,8-10%,9.0,9.101941747572816,3486.8542286075335,40225.50525940695
Karnataka,Medium,Early_Loss,2045,Silicon,3-4%,3.5,3.5396440129449838,1355.9988666807076,15643.252045324925
Karnataka,Medium,Early_Loss,2045,Copper,2-4%,3.0,3.033980582524272,1162.2847428691778,13408.50175313565
Karnataka,Medium,Early_Loss,2045,Silver,0.03-0.08%,0.055,0.05562297734627832,21.30855361926826,245.82253214082024
Karnataka,Medium,Early_Loss,2045,Zinc,0.03-0.10%,0.065,0.06573624595469256,25.182836095498853,290.5175379846057
Karnataka,Medium,Early_Loss,2045,Lead,0.01-0.05%,0.03,0.03033980582524272,11.62284742869178,134.0850175313565
Karnataka,Medium,Early_Loss,2045,Tin,0.01-0.05%,0.03,0.03033980582524272,11.62284742869178,134.0850175313565
Karnataka,Medium,Early_Loss,2045,Other,<0.20%,0.2,0.2022653721682848,77.48564952461186,893.9001168757101
Karnataka,Medium,Regular_Loss,2045,Glass,68-72%,70.0,70.79288025889969,29233.166863025584,180498.42787868495
Karnataka,Medium,Regular_Loss,2045,Aluminium,12-14%,13.0,13.147249190938512,5429.016703133323,33521.13660604149
Karnataka,Medium,Regular_Loss,2045,Polymers,8-10%,9.0,9.101941747572816,3758.5500252461466,23206.94072725949
Karnataka,Medium,Regular_Loss,2045,Silicon,3-4%,3.5,3.5396440129449838,1461.6583431512793,9024.921393934248
Karnataka,Medium,Regular_Loss,2045,Copper,2-4%,3.0,3.033980582524272,1252.850008415382,7735.6469090864975
Karnataka,Medium,Regular_Loss,2045,Silver,0.03-0.08%,0.055,0.05562297734627832,22.96891682094867,141.82019333325246
Karnataka,Medium,Regular_Loss,2045,Zinc,0.03-0.10%,0.065,0.06573624595469256,27.145083515666613,167.60568303020744
Karnataka,Medium,Regular_Loss,2045,Lead,0.01-0.05%,0.03,0.03033980582524272,12.528500084153823,77.35646909086498
Karnataka,Medium,Regular_Loss,2045,Tin,0.01-0.05%,0.03,0.03033980582524272,12.528500084153823,77.35646909086498
Karnataka,Medium,Regular_Loss,2045,Other,<0.20%,0.2,0.2022653721682848,83.52333389435881,515.7097939390999
Karnataka,High,Fixed_25,2045,Glass,68-72%,70.0,70.79288025889969,47365.67556634305,351824.75728155347
Karnataka,High,Fixed_25,2045,Aluminium,12-14%,13.0,13.147249190938512,8796.482605177995,65338.88349514564
Karnataka,High,Fixed_25,2045,Polymers,8-10%,9.0,9.101941747572816,6089.872572815535,45234.61165048544
Karnataka,High,Fixed_25,2045,Silicon,3-4%,3.5,3.5396440129449838,2368.2837783171526,17591.237864077673
Karnataka,High,Fixed_25,2045,Copper,2-4%,3.0,3.033980582524272,2029.957524271845,15078.203883495147
Karnataka,High,Fixed_25,2045,Silver,0.03-0.08%,0.055,0.05562297734627832,37.21588794498383,276.43373786407767
Karnataka,High,Fixed_25,2045,Zinc,0.03-0.10%,0.065,0.06573624595469256,43.982413025889976,326.6944174757282
Karnataka,High,Fixed_25,2045,Lead,0.01-0.05%,0.03,0.03033980582524272,20.29957524271845,150.7820388349515
Karnataka,High,Fixed_25,2045,Tin,0.01-0.05%,0.03,0.03033980582524272,20.29957524271845,150.7820388349515
Karnataka,High,Fixed_25,2045,Other,<0.20%,0.2,0.2022653721682848,135.330501618123,1005.2135922330099
Karnataka,High,Early_Loss,2045,Glass,68-72%,70.0,70.79288025889969,27908.405208648233,317832.6708791992
Karnataka,High,Early_Loss,2045,Aluminium,12-14%,13.0,13.147249190938512,5182.989538748958,59026.06744899414
Karnataka,High,Early_Loss,2045,Polymers,8-10%,9.0,9.101941747572816,3588.2235268262016,40864.200541611324
Karnataka,High,Early_Loss,2045,Silicon,3-4%,3.5,3.5396440129449838,1395.4202604324119,15891.63354395996
Karnataka,High,Early_Loss,2045,Copper,2-4%,3.0,3.033980582524272,1196.074508942067,13621.400180537108
Karnataka,High,Early_Loss,2045,Silver,0.03-0.08%,0.055,0.05562297734627832,21.9280326639379,249.72566997651364
Karnataka,High,Early_Loss,2045,Zinc,0.03-0.10%,0.065,0.06573624595469256,25.914947693744786,295.1303372449707
Karnataka,High,Early_Loss,2045,Lead,0.01-0.05%,0.03,0.03033980582524272,11.960745089420673,136.21400180537108
Karnataka,High,Early_Loss,2045,Tin,0.01-0.05%,0.03,0.03033980582524272,11.960745089420673,136.21400180537108
Karnataka,High,Early_Loss,2045,Other,<0.20%,0.2,0.2022653721682848,79.73830059613782,908.0933453691407
Karnataka,High,Regular_Loss,2045,Glass,68-72%,70.0,70.79288025889969,29430.133572107585,181181.61939207124
Karnataka,High,Regular_Loss,2045,Aluminium,12-14%,13.0,13.147249190938512,5465.59623481998,33648.015029956085
Karnataka,High,Regular_Loss,2045,Polymers,8-10%,9.0,9.101941747572816,3783.874316413832,23294.779636123443
Karnataka,High,Regular_Loss,2045,Silicon,3-4%,3.5,3.5396440129449838,1471.5066786053792,9059.080969603561
Karnataka,High,Regular_Loss,2045,Copper,2-4%,3.0,3.033980582524272,1261.2914388046106,7764.926545374481
Karnataka,High,Regular_Loss,2045,Silver,0.03-0.08%,0.055,0.05562297734627832,23.12367637808453,142.35698666519883
Karnataka,High,Regular_Loss,2045,Zinc,0.03-0.10%,0.065,0.06573624595469256,27.327981174099897,168.2400751497804
Karnataka,High,Regular_Loss,2045,Lead,0.01-0.05%,0.03,0.03033980582524272,12.612914388046107,77.64926545374482
Karnataka,High,Regular_Loss,2045,Tin,0.01-0.05%,0.03,0.03033980582524272,12.612914388046107,77.64926545374482
Karnataka,High,Regular_Loss,2045,Other,<0.20%,0.2,0.2022653721682848,84.08609592030739,517.6617696916321
Maharashtra,Conservative,Fixed_25,2045,Glass,68-72%,70.0,70.79288025889969,8549.231391585763,91892.83980582524
Maharashtra,Conservative,Fixed_25,2045,Aluminium,12-14%,13.0,13.147249190938512,1587.7144012944987,17065.813106796115
Maharashtra,Conservative,Fixed_25,2045,Polymers,8-10%,9.0,9.101941747572816,1099.1868932038838,11814.793689320388
Maharashtra,Conservative,Fixed_25,2045,Silicon,3-4%,3.5,3.5396440129449838,427.4615695792881,4594.641990291262
Maharashtra,Conservative,Fixed_25,2045,Copper,2-4%,3.0,3.033980582524272,366.39563106796123,3938.264563106796
Maharashtra,Conservative,Fixed_25,2045,Silver,0.03-0.08%,0.055,0.05562297734627832,6.717253236245956,72.20151699029125
Maharashtra,Conservative,Fixed_25,2045,Zinc,0.03-0.10%,0.065,0.06573624595469256,7.9385720064724925,85.32906553398057
Maharashtra,Conservative,Fixed_25,2045,Lead,0.01-0.05%,0.03,0.03033980582524272,3.6639563106796125,39.38264563106796
Maharashtra,Conservative,Fixed_25,2045,Tin,0.01-0.05%,0.03,0.03033980582524272,3.6639563106796125,39.38264563106796
Maharashtra,Conservative,Fixed_25,2045,Other,<0.20%,0.2,0.2022653721682848,24.42637540453075,262.5509708737864
Maharashtra,Conservative,Early_Loss,2045,Glass,68-72%,70.0,70.79288025889969,110786.62249420515,926055.5553647787
Maharashtra,Conservative,Early_Loss,2045,Aluminium,12-14%,13.0,13.147249190938512,20574.658463209526,171981.74599631605
Maharashtra,Conservative,Early_Loss,2045,Polymers,8-10%,9.0,9.101941747572816,14243.994320683518,119064.28568975726
Maharashtra,Conservative,Early_Loss,2045,Silicon,3-4%,3.5,3.5396440129449838,5539.331124710257,46302.777768238935
Maharashtra,Conservative,Early_Loss,2045,Copper,2-4%,3.0,3.033980582524272,4747.998106894506,39688.09522991908
Maharashtra,Conservative,Early_Loss,2045,Silver,0.03-0.08%,0.055,0.05562297734627832,87.04663195973261,727.6150792151833
Maharashtra,Conservative,Early_Loss,2045,Zinc,0.03-0.10%,0.065,0.06573624595469256,102.87329231604762,859.9087299815802
Maharashtra,Conservative,Early_Loss,2045,Lead,0.01-0.05%,0.03,0.03033980582524272,47.479981068945065,396.8809522991909
Maharashtra,Conservative,Early_Loss,2045,Tin,0.01-0.05%,0.03,0.03033980582524272,47.479981068945065,396.8809522991909
Maharashtra,Conservative,Early_Loss,2045,Other,<0.20%,0.2,0.2022653721682848,316.53320712630045,2645.8730153279394
Maharashtra,Conservative,Regular_Loss,2045,Glass,68-72%,70.0,70.79288025889969,56338.221826967274,239822.32173064494
Maharashtra,Conservative,Regular_Loss,2045,Aluminium,12-14%,13.0,13.147249190938512,10462.812625008208,44538.431178548344
Maharashtra,Conservative,Regular_Loss,2045,Polymers,8-10%,9.0,9.101941747572816,7243.485663467221,30834.298508225776
Maharashtra,Conservative,Regular_Loss,2045,Silicon,3-4%,3.5,3.5396440129449838,2816.9110913483637,11991.116086532247
Maharashtra,Conservative,Regular_Loss,2045,Copper,2-4%,3.0,3.033980582524272,2414.49522115574,10278.099502741925
Maharashtra,Conservative,Regular_Loss,2045,Silver,0.03-0.08%,0.055,0.05562297734627832,44.265745721188566,188.4318242169353
Maharashtra,Conservative,Regular_Loss,2045,Zinc,0.03-0.10%,0.065,0.06573624595469256,52.31406312504104,222.6921558927417
Maharashtra,Conservative,Regular_Loss,2045,Lead,0.01-0.05%,0.03,0.03033980582524272,24.144952211557403,102.78099502741925
Maharashtra,Conservative,Regular_Loss,2045,Tin,0.01-0.05%,0.03,0.03033980582524272,24.144952211557403,102.78099502741925
Maharashtra,Conservative,Regular_Loss,2045,Other,<0.20%,0.2,0.2022653721682848,160.96634807704936,685.2066335161284
Maharashtra,Medium,Fixed_25,2045,Glass,68-72%,70.0,70.79288025889969,8549.231391585763,91892.83980582524
Maharashtra,Medium,Fixed_25,2045,Aluminium,12-14%,13.0,13.147249190938512,1587.7144012944987,17065.813106796115
Maharashtra,Medium,Fixed_25,2045,Polymers,8-10%,9.0,9.101941747572816,1099.1868932038838,11814.793689320388
Maharashtra,Medium,Fixed_25,2045,Silicon,3-4%,3.5,3.5396440129449838,427.4615695792881,4594.641990291262
Maharashtra,Medium,Fixed_25,2045,Copper,2-4%,3.0,3.033980582524272,366.39563106796123,3938.264563106796
Maharashtra,Medium,Fixed_25,2045,Silver,0.03-0.08%,0.055,0.05562297734627832,6.717253236245956,72.20151699029125
Maharashtra,Medium,Fixed_25,2045,Zinc,0.03-0.10%,0.065,0.06573624595469256,7.9385720064724925,85.32906553398057
Maharashtra,Medium,Fixed_25,2045,Lead,0.01-0.05%,0.03,0.03033980582524272,3.6639563106796125,39.38264563106796
Maharashtra,Medium,Fixed_25,2045,Tin,0.01-0.05%,0.03,0.03033980582524272,3.6639563106796125,39.38264563106796
Maharashtra,Medium,Fixed_25,2045,Other,<0.20%,0.2,0.2022653721682848,24.42637540453075,262.5509708737864
Maharashtra,Medium,Early_Loss,2045,Glass,68-72%,70.0,70.79288025889969,196193.26510800692,1482850.4785943832
Maharashtra,Medium,Early_Loss,2045,Aluminium,12-14%,13.0,13.147249190938512,36435.892091487,275386.5174532426
Maharashtra,Medium,Early_Loss,2045,Polymers,8-10%,9.0,9.101941747572816,25224.84837102946,190652.2043907064
Maharashtra,Medium,Early_Loss,2045,Silicon,3-4%,3.5,3.5396440129449838,9809.663255400346,74142.52392971916
Maharashtra,Medium,Early_Loss,2045,Copper,2-4%,3.0,3.033980582524272,8408.282790343153,63550.734796902136
Maharashtra,Medium,Early_Loss,2045,Silver,0.03-0.08%,0.055,0.05562297734627832,154.15185115629114,1165.0968046098724
Maharashtra,Medium,Early_Loss,2045,Zinc,0.03-0.10%,0.065,0.06573624595469256,182.179460457435,1376.932587266213
Maharashtra,Medium,Early_Loss,2045,Lead,0.01-0.05%,0.03,0.03033980582524272,84.08282790343155,635.5073479690213
Maharashtra,Medium,Early_Loss,2045,Tin,0.01-0.05%,0.03,0.03033980582524272,84.08282790343155,635.5073479690213
Maharashtra,Medium,Early_Loss,2045,Other,<0.20%,0.2,0.2022653721682848,560.552186022877,4236.715653126809
Maharashtra,Medium,Regular_Loss,2045,Glass,68-72%,70.0,70.79288025889969,76623.66254326589,304131.1526539849
Maharashtra,Medium,Regular_Loss,2045,Aluminium,12-14%,13.0,13.147249190938512,14230.108758035094,56481.499778597194
Maharashtra,Medium,Regular_Loss,2045,Polymers,8-10%,9.0,9.101941747572816,9851.613755562756,39102.576769798055
Maharashtra,Medium,Regular_Loss,2045,Silicon,3-4%,3.5,3.5396440129449838,3831.1831271632946,15206.557632699245
Maharashtra,Medium,Regular_Loss,2045,Copper,2-4%,3.0,3.033980582524272,3283.871251854252,13034.192256599352
Maharashtra,Medium,Regular_Loss,2045,Silver,0.03-0.08%,0.055,0.05562297734627832,60.204306283994626,238.9601913709881
Maharashtra,Medium,Regular_Loss,2045,Zinc,0.03-0.10%,0.065,0.06573624595469256,71.15054379017546,282.4074988929859
Maharashtra,Medium,Regular_Loss,2045,Lead,0.01-0.05%,0.03,0.03033980582524272,32.83871251854252,130.3419225659935
Maharashtra,Medium,Regular_Loss,2045,Tin,0.01-0.05%,0.03,0.03033980582524272,32.83871251854252,130.3419225659935
Maharashtra,Medium,Regular_Loss,2045,Other,<0.20%,0.2,0.2022653721682848,218.92475012361683,868.9461504399569
Maharashtra,High,Fixed_25,2045,Glass,68-72%,70.0,70.79288025889969,8549.231391585763,91892.83980582524
Maharashtra,High,Fixed_25,2045,Aluminium,12-14%,13.0,13.147249190938512,1587.7144012944987,17065.813106796115
Maharashtra,High,Fixed_25,2045,Polymers,8-10%,9.0,9.101941747572816,1099.1868932038838,11814.793689320388
Maharashtra,High,Fixed_25,2045,Silicon,3-4%,3.5,3.5396440129449838,427.4615695792881,4594.641990291262
Maharashtra,High,Fixed_25,2045,Copper,2-4%,3.0,3.033980582524272,366.39563106796123,3938.264563106796
Maharashtra,High,Fixed_25,2045,Silver,0.03-0.08%,0.055,0.05562297734627832,6.717253236245956,72.20151699029125
Maharashtra,High,Fixed_25,2045,Zinc,0.03-0.10%,0.065,0.06573624595469256,7.9385720064724925,85.32906553398057
Maharashtra,High,Fixed_25,2045,Lead,0.01-0.05%,0.03,0.03033980582524272,3.6639563106796125,39.38264563106796
Maharashtra,High,Fixed_25,2045,Tin,0.01-0.05%,0.03,0.03033980582524272,3.6639563106796125,39.38264563106796
Maharashtra,High,Fixed_25,2045,Other,<0.20%,0.2,0.2022653721682848,24.42637540453075,262.5509708737864
Maharashtra,High,Early_Loss,2045,Glass,68-72%,70.0,70.79288025889969,272137.4546433727,1945863.8428109903
Maharashtra,High,Early_Loss,2045,Aluminium,12-14%,13.0,13.147249190938512,50539.81300519778,361374.7136648982
Maharashtra,High,Early_Loss,2045,Polymers,8-10%,9.0,9.101941747572816,34989.10131129077,250182.49407569875
Maharashtra,High,Early_Loss,2045,Silicon,3-4%,3.5,3.5396440129449838,13606.872732168633,97293.19214054951
Maharashtra,High,Early_Loss,2045,Copper,2-4%,3.0,3.033980582524272,11663.033770430256,83394.16469189958
Maharashtra,High,Early_Loss,2045,Silver,0.03-0.08%,0.055,0.05562297734627832,213.82228579122136,1528.8930193514923
Maharashtra,High,Early_Loss,2045,Zinc,0.03-0.10%,0.065,0.06573624595469256,252.69906502598886,1806.8735683244909
Maharashtra,High,Early_Loss,2045,Lead,0.01-0.05%,0.03,0.03033980582524272,116.63033770430256,833.9416469189958
Maharashtra,High,Early_Loss,2045,Tin,0.01-0.05%,0.03,0.03033980582524272,116.63033770430256,833.9416469189958
Maharashtra,High,Early_Loss,2045,Other,<0.20%,0.2,0.2022653721682848,777.5355846953505,5559.610979459972
Maharashtra,High,Regular_Loss,2045,Glass,68-72%,70.0,70.79288025889969,91027.33271156941,347496.69731433963
Maharashtra,High,Regular_Loss,2045,Aluminium,12-14%,13.0,13.147249190938512,16905.07607500575,64535.10092980593
Maharashtra,High,Regular_Loss,2045,Polymers,8-10%,9.0,9.101941747572816,11703.51420577321,44678.14679755795
Maharashtra,High,Regular_Loss,2045,Silicon,3-4%,3.5,3.5396440129449838,4551.366635578471,17374.83486571698
Maharashtra,High,Regular_Loss,2045,Copper,2-4%,3.0,3.033980582524272,3901.171401924403,14892.715599185984
Maharashtra,High,Regular_Loss,2045,Silver,0.03-0.08%,0.055,0.05562297734627832,71.5214757019474,273.0331193184097
Maharashtra,High,Regular_Loss,2045,Zinc,0.03-0.10%,0.065,0.06573624595469256,84.52538037502873,322.6755046490296
Maharashtra,High,Regular_Loss,2045,Lead,0.01-0.05%,0.03,0.03033980582524272,39.01171401924404,148.92715599185985
Maharashtra,High,Regular_Loss,2045,Tin,0.01-0.05%,0.03,0.03033980582524272,39.01171401924404,148.92715599185985
Maharashtra,High,Regular_Loss,2045,Other,<0.20%,0.2,0.2022653721682848,260.0780934616269,992.8477066123991
Rajasthan,Conservative,Fixed_25,2045,Glass,68-72%,70.0,70.79288025889969,82679.0756472492,248239.41140776704
Rajasthan,Conservative,Fixed_25,2045,Aluminium,12-14%,13.0,13.147249190938512,15354.68547734628,46101.60497572816
Rajasthan,Conservative,Fixed_25,2045,Polymers,8-10%,9.0,9.101941747572816,10630.16686893204,31916.49575242719
Rajasthan,Conservative,Fixed_25,2045,Silicon,3-4%,3.5,3.5396440129449838,4133.9537823624605,12411.970570388352
Rajasthan,Conservative,Fixed_25,2045,Copper,2-4%,3.0,3.033980582524272,3543.38895631068,10638.831917475729
Rajasthan,Conservative,Fixed_25,2045,Silver,0.03-0.08%,0.055,0.05562297734627832,64.9621308656958,195.04525182038836
Rajasthan,Conservative,Fixed_25,2045,Zinc,0.03-0.10%,0.065,0.06573624595469256,76.7734273867314,230.50802487864078
Rajasthan,Conservative,Fixed_25,2045,Lead,0.01-0.05%,0.03,0.03033980582524272,35.4338895631068,106.3883191747573
Rajasthan,Conservative,Fixed_25,2045,Tin,0.01-0.05%,0.03,0.03033980582524272,35.4338895631068,106.3883191747573
Rajasthan,Conservative,Fixed_25,2045,Other,<0.20%,0.2,0.2022653721682848,236.22593042071202,709.2554611650487
Rajasthan,Conservative,Early_Loss,2045,Glass,68-72%,70.0,70.79288025889969,222372.43714215411,1822443.8394627767
Rajasthan,Conservative,Early_Loss,2045,Aluminium,12-14%,13.0,13.147249190938512,41297.738326400045,338453.85590022994
Rajasthan,Conservative,Early_Loss,2045,Polymers,8-10%,9.0,9.101941747572816,28590.741918276955,234314.20793092842
Rajasthan,Conservative,Early_Loss,2045,Silicon,3-4%,3.5,3.5396440129449838,11118.621857107706,91122.19197313883
Rajasthan,Conservative,Early_Loss,2045,Copper,2-4%,3.0,3.033980582524272,9530.247306092318,78104.73597697614
Rajasthan,Conservative,Early_Loss,2045,Silver,0.03-0.08%,0.055,0.05562297734627832,174.7212006116925,1431.920159577896
Rajasthan,Conservative,Early_Loss,2045,Zinc,0.03-0.10%,0.065,0.06573624595469256,206.48869163200024,1692.2692795011496
Rajasthan,Conservative,Early_Loss,2045,Lead,0.01-0.05%,0.03,0.03033980582524272,95.30247306092319,781.0473597697614
Rajasthan,Conservative,Early_Loss,2045,Tin,0.01-0.05%,0.03,0.03033980582524272,95.30247306092319,781.0473597697614
Rajasthan,Conservative,Early_Loss,2045,Other,<0.20%,0.2,0.2022653721682848,635.3498204061547,5206.982398465077
Rajasthan,Conservative,Regular_Loss,2045,Glass,68-72%,70.0,70.79288025889969,111779.99548030998,504205.06175979826
Rajasthan,Conservative,Regular_Loss,2045,Aluminium,12-14%,13.0,13.147249190938512,20759.142017771854,93638.08289824825
Rajasthan,Conservative,Regular_Loss,2045,Polymers,8-10%,9.0,9.101941747572816,14371.713704611282,64826.365083402634
Rajasthan,Conservative,Regular_Loss,2045,Silicon,3-4%,3.5,3.5396440129449838,5588.9997740154995,25210.253087989913
Rajasthan,Conservative,Regular_Loss,2045,Copper,2-4%,3.0,3.033980582524272,4790.571234870427,21608.78836113421
Rajasthan,Conservative,Regular_Loss,2045,Silver,0.03-0.08%,0.055,0.05562297734627832,87.82713930595784,396.1611199541272
Rajasthan,Conservative,Regular_Loss,2045,Zinc,0.03-0.10%,0.065,0.06573624595469256,103.79571008885927,468.1904144912412
Rajasthan,Conservative,Regular_Loss,2045,Lead,0.01-0.05%,0.03,0.03033980582524272,47.90571234870428,216.08788361134214
Rajasthan,Conservative,Regular_Loss,2045,Tin,0.01-0.05%,0.03,0.03033980582524272,47.90571234870428,216.08788361134214
Rajasthan,Conservative,Regular_Loss,2045,Other,<0.20%,0.2,0.2022653721682848,319.3714156580285,1440.585890742281
Rajasthan,Medium,Fixed_25,2045,Glass,68-72%,70.0,70.79288025889969,82679.0756472492,248239.41140776704
Rajasthan,Medium,Fixed_25,2045,Aluminium,12-14%,13.0,13.147249190938512,15354.68547734628,46101.60497572816
Rajasthan,Medium,Fixed_25,2045,Polymers,8-10%,9.0,9.101941747572816,10630.16686893204,31916.49575242719
Rajasthan,Medium,Fixed_25,2045,Silicon,3-4%,3.5,3.5396440129449838,4133.9537823624605,12411.970570388352
Rajasthan,Medium,Fixed_25,2045,Copper,2-4%,3.0,3.033980582524272,3543.38895631068,10638.831917475729
Rajasthan,Medium,Fixed_25,2045,Silver,0.03-0.08%,0.055,0.05562297734627832,64.9621308656958,195.04525182038836
Rajasthan,Medium,Fixed_25,2045,Zinc,0.03-0.10%,0.065,0.06573624595469256,76.7734273867314,230.50802487864078
Rajasthan,Medium,Fixed_25,2045,Lead,0.01-0.05%,0.03,0.03033980582524272,35.4338895631068,106.3883191747573
Rajasthan,Medium,Fixed_25,2045,Tin,0.01-0.05%,0.03,0.03033980582524272,35.4338895631068,106.3883191747573
Rajasthan,Medium,Fixed_25,2045,Other,<0.20%,0.2,0.2022653721682848,236.22593042071202,709.2554611650487
Rajasthan,Medium,Early_Loss,2045,Glass,68-72%,70.0,70.79288025889969,307080.38252388546,2317249.302785484
Rajasthan,Medium,Early_Loss,2045,Aluminium,12-14%,13.0,13.147249190938512,57029.21389729301,430346.29908873275
Rajasthan,Medium,Early_Loss,2045,Polymers,8-10%,9.0,9.101941747572816,39481.7634673567,297932.0532152765
Rajasthan,Medium,Early_Loss,2045,Silicon,3-4%,3.5,3.5396440129449838,15354.019126194273,115862.4651392742
Rajasthan,Medium,Early_Loss,2045,Copper,2-4%,3.0,3.033980582524272,13160.587822452233,99310.68440509216
Rajasthan,Medium,Early_Loss,2045,Silver,0.03-0.08%,0.055,0.05562297734627832,241.2774434116243,1820.695880760023
Rajasthan,Medium,Early_Loss,2045,Zinc,0.03-0.10%,0.065,0.06573624595469256,285.1460694864651,2151.7314954436633
Rajasthan,Medium,Early_Loss,2045,Lead,0.01-0.05%,0.03,0.03033980582524272,131.60587822452234,993.1068440509217
Rajasthan,Medium,Early_Loss,2045,Tin,0.01-0.05%,0.03,0.03033980582524272,131.60587822452234,993.1068440509217
Rajasthan,Medium,Early_Loss,2045,Other,<0.20%,0.2,0.2022653721682848,877.3725214968157,6620.712293672812
Rajasthan,Medium,Regular_Loss,2045,Glass,68-72%,70.0,70.79288025889969,126170.24846233724,547715.4460928413
Rajasthan,Medium,Regular_Loss,2045,Aluminium,12-14%,13.0,13.147249190938512,23431.617571576917,101718.58284581338
Rajasthan,Medium,Regular_Loss,2045,Polymers,8-10%,9.0,9.101941747572816,16221.889088014788,70420.55735479387
Rajasthan,Medium,Regular_Loss,2045,Silicon,3-4%,3.5,3.5396440129449838,6308.512423116862,27385.772304642065
Rajasthan,Medium,Regular_Loss,2045,Copper,2-4%,3.0,3.033980582524272,5407.2963626715955,23473.519118264627
Rajasthan,Medium,Regular_Loss,2045,Silver,0.03-0.08%,0.055,0.05562297734627832,99.13376664897926,430.3478505015181
Rajasthan,Medium,Regular_Loss,2045,Zinc,0.03-0.10%,0.065,0.06573624595469256,117.15808785788458,508.5929142290669
Rajasthan,Medium,Regular_Loss,2045,Lead,0.01-0.05%,0.03,0.03033980582524272,54.07296362671596,234.73519118264628
Rajasthan,Medium,Regular_Loss,2045,Tin,0.01-0.05%,0.03,0.03033980582524272,54.07296362671596,234.73519118264628
Rajasthan,Medium,Regular_Loss,2045,Other,<0.20%,0.2,0.2022653721682848,360.4864241781064,1564.9012745509751
Rajasthan,High,Fixed_25,2045,Glass,68-72%,70.0,70.79288025889969,82679.0756472492,248239.41140776704
Rajasthan,High,Fixed_25,2045,Aluminium,12-14%,13.0,13.147249190938512,15354.68547734628,46101.60497572816
Rajasthan,High,Fixed_25,2045,Polymers,8-10%,9.0,9.101941747572816,10630.16686893204,31916.49575242719
Rajasthan,High,Fixed_25,2045,Silicon,3-4%,3.5,3.5396440129449838,4133.9537823624605,12411.970570388352
Rajasthan,High,Fixed_25,2045,Copper,2-4%,3.0,3.033980582524272,3543.38895631068,10638.831917475729
Rajasthan,High,Fixed_25,2045,Silver,0.03-0.08%,0.055,0.05562297734627832,64.9621308656958,195.04525182038836
Rajasthan,High,Fixed_25,2045,Zinc,0.03-0.10%,0.065,0.06573624595469256,76.7734273867314,230.50802487864078
Rajasthan,High,Fixed_25,2045,Lead,0.01-0.05%,0.03,0.03033980582524272,35.4338895631068,106.3883191747573
Rajasthan,High,Fixed_25,2045,Tin,0.01-0.05%,0.03,0.03033980582524272,35.4338895631068,106.3883191747573
Rajasthan,High,Fixed_25,2045,Other,<0.20%,0.2,0.2022653721682848,236.22593042071202,709.2554611650487
Rajasthan,High,Early_Loss,2045,Glass,68-72%,70.0,70.79288025889969,399870.13024053694,2822292.0418941802
Rajasthan,High,Early_Loss,2045,Aluminium,12-14%,13.0,13.147249190938512,74261.59561609972,524139.95063749055
Rajasthan,High,Early_Loss,2045,Polymers,8-10%,9.0,9.101941747572816,51411.87388806903,362866.11967210885
Rajasthan,High,Early_Loss,2045,Silicon,3-4%,3.5,3.5396440129449838,19993.506512026845,141114.602094709
Rajasthan,High,Early_Loss,2045,Copper,2-4%,3.0,3.033980582524272,17137.29129602301,120955.37322403627
Rajasthan,High,Early_Loss,2045,Silver,0.03-0.08%,0.055,0.05562297734627832,314.18367376042187,2217.5151757739986
Rajasthan,High,Early_Loss,2045,Zinc,0.03-0.10%,0.065,0.06573624595469256,371.3079780804985,2620.6997531874526
Rajasthan,High,Early_Loss,2045,Lead,0.01-0.05%,0.03,0.03033980582524272,171.3729129602301,1209.553732240363
Rajasthan,High,Early_Loss,2045,Tin,0.01-0.05%,0.03,0.03033980582524272,171.3729129602301,1209.553732240363
Rajasthan,High,Early_Loss,2045,Other,<0.20%,0.2,0.2022653721682848,1142.486086401534,8063.6915482690865
Rajasthan,High,Regular_Loss,2045,Glass,68-72%,70.0,70.79288025889969,138365.86329185124,582857.4288787245
Rajasthan,High,Regular_Loss,2045,Aluminium,12-14%,13.0,13.147249190938512,25696.517468486658,108244.95107747741
Rajasthan,High,Regular_Loss,2045,Polymers,8-10%,9.0,9.101941747572816,17789.8967089523,74938.81228440744
Rajasthan,High,Regular_Loss,2045,Silicon,3-4%,3.5,3.5396440129449838,6918.293164592562,29142.871443936227
Rajasthan,High,Regular_Loss,2045,Copper,2-4%,3.0,3.033980582524272,5929.965569650767,24979.60409480248
Rajasthan,High,Regular_Loss,2045,Silver,0.03-0.08%,0.055,0.05562297734627832,108.71603544359739,457.95940840471206
Rajasthan,High,Regular_Loss,2045,Zinc,0.03-0.10%,0.065,0.06573624595469256,128.48258734243328,541.224755387387
Rajasthan,High,Regular_Loss,2045,Lead,0.01-0.05%,0.03,0.03033980582524272,59.29965569650767,249.7960409480248
Rajasthan,High,Regular_Loss,2045,Tin,0.01-0.05%,0.03,0.03033980582524272,59.29965569650767,249.7960409480248
Rajasthan,High,Regular_Loss,2045,Other,<0.20%,0.2,0.2022653721682848,395.3310379767178,1665.3069396534986
Tamil Nadu,Conservative,Fixed_25,2045,Glass,68-72%,70.0,70.79288025889969,66544.95347896442,196315.16990291263
Tamil Nadu,Conservative,Fixed_25,2045,Aluminium,12-14%,13.0,13.147249190938512,12358.348503236248,36458.53155339806
Tamil Nadu,Conservative,Fixed_25,2045,Polymers,8-10%,9.0,9.101941747572816,8555.779733009711,25240.521844660194
Tamil Nadu,Conservative,Fixed_25,2045,Silicon,3-4%,3.5,3.5396440129449838,3327.247673948221,9815.758495145632
Tamil Nadu,Conservative,Fixed_25,2045,Copper,2-4%,3.0,3.033980582524272,2851.9265776699035,8413.507281553399
Tamil Nadu,Conservative,Fixed_25,2045,Silver,0.03-0.08%,0.055,0.05562297734627832,52.285320590614894,154.24763349514564
Tamil Nadu,Conservative,Fixed_25,2045,Zinc,0.03-0.10%,0.065,0.06573624595469256,61.79174251618124,182.2926577669903
Tamil Nadu,Conservative,Fixed_25,2045,Lead,0.01-0.05%,0.03,0.03033980582524272,28.519265776699037,84.13507281553399
Tamil Nadu,Conservative,Fixed_25,2045,Tin,0.01-0.05%,0.03,0.03033980582524272,28.519265776699037,84.13507281553399
Tamil Nadu,Conservative,Fixed_25,2045,Other,<0.20%,0.2,0.2022653721682848,190.12843851132692,560.9004854368933
Tamil Nadu,Conservative,Early_Loss,2045,Glass,68-72%,70.0,70.79288025889969,28851.599035897772,318686.5017299876
Tamil Nadu,Conservative,Early_Loss,2045,Aluminium,12-14%,13.0,13.147249190938512,5358.154106666729,59184.63603556913
Tamil Nadu,Conservative,Early_Loss,2045,Polymers,8-10%,9.0,9.101941747572816,3709.4913046154275,40973.97879385555
Tamil Nadu,Conservative,Early_Loss,2045,Silicon,3-4%,3.5,3.5396440129449838,1442.5799517948885,15934.325086499382
Tamil Nadu,Conservative,Early_Loss,2045,Copper,2-4%,3.0,3.033980582524272,1236.4971015384758,13657.992931285184
Tamil Nadu,Conservative,Early_Loss,2045,Silver,0.03-0.08%,0.055,0.05562297734627832,22.66911352820539,250.3965370735617
Tamil Nadu,Conservative,Early_Loss,2045,Zinc,0.03-0.10%,0.065,0.06573624595469256,26.790770533333642,295.92318017784567
Tamil Nadu,Conservative,Early_Loss,2045,Lead,0.01-0.05%,0.03,0.03033980582524272,12.364971015384759,136.57992931285185
Tamil Nadu,Conservative,Early_Loss,2045,Tin,0.01-0.05%,0.03,0.03033980582524272,12.364971015384759,136.57992931285185
Tamil Nadu,Conservative,Early_Loss,2045,Other,<0.20%,0.2,0.2022653721682848,82.43314010256506,910.532862085679
Tamil Nadu,Conservative,Regular_Loss,2045,Glass,68-72%,70.0,70.79288025889969,27713.86793395594,155616.5330308445
Tamil Nadu,Conservative,Regular_Loss,2045,Aluminium,12-14%,13.0,13.147249190938512,5146.861187734674,28900.213277156836
Tamil Nadu,Conservative,Regular_Loss,2045,Polymers,8-10%,9.0,9.101941747572816,3563.2115915086206,20007.839961108577
Tamil Nadu,Conservative,Regular_Loss,2045,Silicon,3-4%,3.5,3.5396440129449838,1385.693396697797,7780.826651542225
Tamil Nadu,Conservative,Regular_Loss,2045,Copper,2-4%,3.0,3.033980582524272,1187.7371971695402,6669.279987036192
Tamil Nadu,Conservative,Regular_Loss,2045,Silver,0.03-0.08%,0.055,0.05562297734627832,21.775181948108237,122.27013309566352
Tamil Nadu,Conservative,Regular_Loss,2045,Zinc,0.03-0.10%,0.065,0.06573624595469256,25.73430593867337,144.50106638578416
Tamil Nadu,Conservative,Regular_Loss,2045,Lead,0.01-0.05%,0.03,0.03033980582524272,11.877371971695403,66.69279987036192
Tamil Nadu,Conservative,Regular_Loss,2045,Tin,0.01-0.05%,0.03,0.03033980582524272,11.877371971695403,66.69279987036192
Tamil Nadu,Conservative,Regular_Loss,2045,Other,<0.20%,0.2,0.2022653721682848,79.18247981130268,444.61866580241286
Tamil Nadu,Medium,Fixed_25,2045,Glass,68-72%,70.0,70.79288025889969,66544.95347896442,196315.16990291263
Tamil Nadu,Medium,Fixed_25,2045,Aluminium,12-14%,13.0,13.147249190938512,12358.348503236248,36458.53155339806
Tamil Nadu,Medium,Fixed_25,2045,Polymers,8-10%,9.0,9.101941747572816,8555.779733009711,25240.521844660194
Tamil Nadu,Medium,Fixed_25,2045,Silicon,3-4%,3.5,3.5396440129449838,3327.247673948221,9815.758495145632
Tamil Nadu,Medium,Fixed_25,2045,Copper,2-4%,3.0,3.033980582524272,2851.9265776699035,8413.507281553399
Tamil Nadu,Medium,Fixed_25,2045,Silver,0.03-0.08%,0.055,0.05562297734627832,52.285320590614894,154.24763349514564
Tamil Nadu,Medium,Fixed_25,2045,Zinc,0.03-0.10%,0.065,0.06573624595469256,61.79174251618124,182.2926577669903
Tamil Nadu,Medium,Fixed_25,2045,Lead,0.01-0.05%,0.03,0.03033980582524272,28.519265776699037,84.13507281553399
Tamil Nadu,Medium,Fixed_25,2045,Tin,0.01-0.05%,0.03,0.03033980582524272,28.519265776699037,84.13507281553399
Tamil Nadu,Medium,Fixed_25,2045,Other,<0.20%,0.2,0.2022653721682848,190.12843851132692,560.9004854368933
Tamil Nadu,Medium,Early_Loss,2045,Glass,68-72%,70.0,70.79288025889969,46983.62513123837,441374.6710134322
Tamil Nadu,Medium,Early_Loss,2045,Aluminium,12-14%,13.0,13.147249190938512,8725.530381515697,81969.58175963741
Tamil Nadu,Medium,Early_Loss,2045,Polymers,8-10%,9.0,9.101941747572816,6040.75180258779,56748.17198744128
Tamil Nadu,Medium,Early_Loss,2045,Silicon,3-4%,3.5,3.5396440129449838,2349.1812565619184,22068.73355067161
Tamil Nadu,Medium,Early_Loss,2045,Copper,2-4%,3.0,3.033980582524272,2013.58393419593,18916.057329147094
Tamil Nadu,Medium,Early_Loss,2045,Silver,0.03-0.08%,0.055,0.05562297734627832,36.915705460258714,346.79438436769675
Tamil Nadu,Medium,Early_Loss,2045,Zinc,0.03-0.10%,0.065,0.06573624595469256,43.62765190757848,409.847908798187
Tamil Nadu,Medium,Early_Loss,2045,Lead,0.01-0.05%,0.03,0.03033980582524272,20.1358393419593,189.16057329147097
Tamil Nadu,Medium,Early_Loss,2045,Tin,0.01-0.05%,0.03,0.03033980582524272,20.1358393419593,189.16057329147097
Tamil Nadu,Medium,Early_Loss,2045,Other,<0.20%,0.2,0.2022653721682848,134.23892894639533,1261.0704886098065
Tamil Nadu,Medium,Regular_Loss,2045,Glass,68-72%,70.0,70.79288025889969,32769.67842121863,172716.5435397575
Tamil Nadu,Medium,Regular_Loss,2045,Aluminium,12-14%,13.0,13.147249190938512,6085.797421083459,32075.92951452639
Tamil Nadu,Medium,Regular_Loss,2045,Polymers,8-10%,9.0,9.101941747572816,4213.244368442395,22206.412740825963
Tamil Nadu,Medium,Regular_Loss,2045,Silicon,3-4%,3.5,3.5396440129449838,1638.4839210609314,8635.827176987874
Tamil Nadu,Medium,Regular_Loss,2045,Copper,2-4%,3.0,3.033980582524272,1404.4147894807984,7402.137580275321
Tamil Nadu,Medium,Regular_Loss,2045,Silver,0.03-0.08%,0.055,0.05562297734627832,25.747604473814636,135.70585563838088
Tamil Nadu,Medium,Regular_Loss,2045,Zinc,0.03-0.10%,0.065,0.06573624595469256,30.428987105417296,160.37964757263194
Tamil Nadu,Medium,Regular_Loss,2045,Lead,0.01-0.05%,0.03,0.03033980582524272,14.044147894807985,74.02137580275321
Tamil Nadu,Medium,Regular_Loss,2045,Tin,0.01-0.05%,0.03,0.03033980582524272,14.044147894807985,74.02137580275321
Tamil Nadu,Medium,Regular_Loss,2045,Other,<0.20%,0.2,0.2022653721682848,93.62765263205323,493.4758386850214
Tamil Nadu,High,Fixed_25,2045,Glass,68-72%,70.0,70.79288025889969,66544.95347896442,196315.16990291263
Tamil Nadu,High,Fixed_25,2045,Aluminium,12-14%,13.0,13.147249190938512,12358.348503236248,36458.53155339806
Tamil Nadu,High,Fixed_25,2045,Polymers,8-10%,9.0,9.101941747572816,8555.779733009711,25240.521844660194
Tamil Nadu,High,Fixed_25,2045,Silicon,3-4%,3.5,3.5396440129449838,3327.247673948221,9815.758495145632
Tamil Nadu,High,Fixed_25,2045,Copper,2-4%,3.0,3.033980582524272,2851.9265776699035,8413.507281553399
Tamil Nadu,High,Fixed_25,2045,Silver,0.03-0.08%,0.055,0.05562297734627832,52.285320590614894,154.24763349514564
Tamil Nadu,High,Fixed_25,2045,Zinc,0.03-0.10%,0.065,0.06573624595469256,61.79174251618124,182.2926577669903
Tamil Nadu,High,Fixed_25,2045,Lead,0.01-0.05%,0.03,0.03033980582524272,28.519265776699037,84.13507281553399
Tamil Nadu,High,Fixed_25,2045,Tin,0.01-0.05%,0.03,0.03033980582524272,28.519265776699037,84.13507281553399
Tamil Nadu,High,Fixed_25,2045,Other,<0.20%,0.2,0.2022653721682848,190.12843851132692,560.9004854368933
Tamil Nadu,High,Early_Loss,2045,Glass,68-72%,70.0,70.79288025889969,60760.66897007868,524809.201723731
Tamil Nadu,High,Early_Loss,2045,Aluminium,12-14%,13.0,13.147249190938512,11284.124237300326,97464.56603440718
Tamil Nadu,High,Early_Loss,2045,Polymers,8-10%,9.0,9.101941747572816,7812.0860104386875,67475.46879305111
Tamil Nadu,High,Early_Loss,2045,Silicon,3-4%,3.5,3.5396440129449838,3038.0334485039343,26240.460086186547
Tamil Nadu,High,Early_Loss,2045,Copper,2-4%,3.0,3.033980582524272,2604.028670146229,22491.82293101704
Tamil Nadu,High,Early_Loss,2045,Silver,0.03-0.08%,0.055,0.05562297734627832,47.74052561934754,412.35008706864573
Tamil Nadu,High,Early_Loss,2045,Zinc,0.03-0.10%,0.065,0.06573624595469256,56.42062118650163,487.3228301720359
Tamil Nadu,High,Early_Loss,2045,Lead,0.01-0.05%,0.03,0.03033980582524272,26.040286701462293,224.91822931017043
Tamil Nadu,High,Early_Loss,2045,Tin,0.01-0.05%,0.03,0.03033980582524272,26.040286701462293,224.91822931017043
Tamil Nadu,High,Early_Loss,2045,Other,<0.20%,0.2,0.2022653721682848,173.60191134308195,1499.4548620678029
Tamil Nadu,High,Regular_Loss,2045,Glass,68-72%,70.0,70.79288025889969,35495.63205068143,181362.5471879022
Tamil Nadu,High,Regular_Loss,2045,Aluminium,12-14%,13.0,13.147249190938512,6592.045952269409,33681.615906324696
Tamil Nadu,High,Regular_Loss,2045,Polymers,8-10%,9.0,9.101941747572816,4563.724120801899,23318.041781301712
Tamil Nadu,High,Regular_Loss,2045,Silicon,3-4%,3.5,3.5396440129449838,1774.7816025340717,9068.12735939511
Tamil Nadu,High,Regular_Loss,2045,Copper,2-4%,3.0,3.033980582524272,1521.2413736006329,7772.680593767237
Tamil Nadu,High,Regular_Loss,2045,Silver,0.03-0.08%,0.055,0.05562297734627832,27.889425182678266,142.499144219066
Tamil Nadu,High,Regular_Loss,2045,Zinc,0.03-0.10%,0.065,0.06573624595469256,32.960229761347044,168.40807953162346
Tamil Nadu,High,Regular_Loss,2045,Lead,0.01-0.05%,0.03,0.03033980582524272,15.21241373600633,77.72680593767238
Tamil Nadu,High,Regular_Loss,2045,Tin,0.01-0.05%,0.03,0.03033980582524272,15.21241373600633,77.72680593767238
Tamil Nadu,High,Regular_Loss,2045,Other,<0.20%,0.2,0.2022653721682848,101.41609157337552,518.1787062511492
