material,price_scenario,year,base_price_usd_t,annual_real_growth_rate,price_real_2026_usd_t,quality_discount,quality_factor,quality_adjusted_price_real_2026_usd_t
Aluminium,Downside,2026,3105.25,0.0,3105.25,0.2,0.8,2484.2000000000003
Aluminium,Downside,2027,3105.25,-0.02,3043.145,0.2,0.8,2434.516
Aluminium,Downside,2028,3105.25,-0.02,2982.2821,0.2,0.8,2385.82568
Aluminium,Downside,2029,3105.25,-0.02,2922.636458,0.2,0.8,2338.1091664
Aluminium,Downside,2030,3105.25,-0.02,2864.1837288399997,0.2,0.8,2291.346983072
Aluminium,Downside,2031,3105.25,-0.02,2806.9000542631998,0.2,0.8,2245.52004341056
Aluminium,Downside,2032,3105.25,-0.02,2750.7620531779357,0.2,0.8,2200.609642542349
Aluminium,Downside,2033,3105.25,-0.02,2695.746812114377,0.2,0.8,2156.597449691502
Aluminium,Downside,2034,3105.25,-0.02,2641.8318758720893,0.2,0.8,2113.4655006976714
Aluminium,Downside,2035,3105.25,-0.02,2588.9952383546474,0.2,0.8,2071.196190683718
Aluminium,Downside,2036,3105.25,0.0,2588.9952383546474,0.2,0.8,2071.196190683718
Aluminium,Downside,2037,3105.25,0.0,2588.9952383546474,0.2,0.8,2071.196190683718
Aluminium,Downside,2038,3105.25,0.0,2588.9952383546474,0.2,0.8,2071.196190683718
Aluminium,Downside,2039,3105.25,0.0,2588.9952383546474,0.2,0.8,2071.196190683718
Aluminium,Downside,2040,3105.25,0.0,2588.9952383546474,0.2,0.8,2071.196190683718
Aluminium,Downside,2041,3105.25,0.0,2588.9952383546474,0.2,0.8,2071.196190683718
Aluminium,Downside,2042,3105.25,0.0,2588.9952383546474,0.2,0.8,2071.196190683718
Aluminium,Downside,2043,3105.25,0.0,2588.9952383546474,0.2,0.8,2071.196190683718
Aluminium,Downside,2044,3105.25,0.0,2588.9952383546474,0.2,0.8,2071.196190683718
Aluminium,Downside,2045,3105.25,0.0,2588.9952383546474,0.2,0.8,2071.196190683718
Aluminium,Downside,2046,3105.25,0.0,2588.9952383546474,0.2,0.8,2071.196190683718
Aluminium,Downside,2047,3105.25,0.0,2588.9952383546474,0.2,0.8,2071.196190683718
Aluminium,Downside,2048,3105.25,0.0,2588.9952383546474,0.2,0.8,2071.196190683718
Aluminium,Downside,2049,3105.25,0.0,2588.9952383546474,0.2,0.8,2071.196190683718
Aluminium,Downside,2050,3105.25,0.0,2588.9952383546474,0.2,0.8,2071.196190683718
Aluminium,Downside,2051,3105.25,0.0,2588.9952383546474,0.2,0.8,2071.196190683718
Aluminium,Downside,2052,3105.25,0.0,2588.9952383546474,0.2,0.8,2071.196190683718
Aluminium,Downside,2053,3105.25,0.0,2588.9952383546474,0.2,0.8,2071.196190683718
Aluminium,Downside,2054,3105.25,0.0,2588.9952383546474,0.2,0.8,2071.196190683718
Aluminium,Downside,2055,3105.25,0.0,2588.9952383546474,0.2,0.8,2071.196190683718
Aluminium,Downside,2056,3105.25,0.0,2588.9952383546474,0.2,0.8,2071.196190683718
Aluminium,Downside,2057,3105.25,0.0,2588.9952383546474,0.2,0.8,2071.196190683718
Aluminium,Downside,2058,3105.25,0.0,2588.9952383546474,0.2,0.8,2071.196190683718
Aluminium,Downside,2059,3105.25,0.0,2588.9952383546474,0.2,0.8,2071.196190683718
Aluminium,Downside,2060,3105.25,0.0,2588.9952383546474,0.2,0.8,2071.196190683718
Aluminium,Downside,2061,3105.25,0.0,2588.9952383546474,0.2,0.8,2071.196190683718
Aluminium,Downside,2062,3105.25,0.0,2588.9952383546474,0.2,0.8,2071.196190683718
Aluminium,Downside,2063,3105.25,0.0,2588.9952383546474,0.2,0.8,2071.196190683718
Aluminium,Downside,2064,3105.25,0.0,2588.9952383546474,0.2,0.8,2071.196190683718
Aluminium,Downside,2065,3105.25,0.0,2588.9952383546474,0.2,0.8,2071.196190683718
Aluminium,Downside,2066,3105.25,0.0,2588.9952383546474,0.2,0.8,2071.196190683718
Aluminium,Downside,2067,3105.25,0.0,2588.9952383546474,0.2,0.8,2071.196190683718
Aluminium,Downside,2068,3105.25,0.0,2588.9952383546474,0.2,0.8,2071.196190683718
Aluminium,Downside,2069,3105.25,0.0,2588.9952383546474,0.2,0.8,2071.196190683718
Aluminium,Downside,2070,3105.25,0.0,2588.9952383546474,0.2,0.8,2071.196190683718
Aluminium,Downside,2071,3105.25,0.0,2588.9952383546474,0.2,0.8,2071.196190683718
Aluminium,Downside,2072,3105.25,0.0,2588.9952383546474,0.2,0.8,2071.196190683718
Aluminium,Downside,2073,3105.25,0.0,2588.9952383546474,0.2,0.8,2071.196190683718
Aluminium,Downside,2074,3105.25,0.0,2588.9952383546474,0.2,0.8,2071.196190683718
Aluminium,Downside,2075,3105.25,0.0,2588.9952383546474,0.2,0.8,2071.196190683718
Aluminium,Reference,2026,3105.25,0.0,3105.25,0.2,0.8,2484.2000000000003
Aluminium,Reference,2027,3105.25,0.0,3105.25,0.2,0.8,2484.2000000000003
Aluminium,Reference,2028,3105.25,0.0,3105.25,0.2,0.8,2484.2000000000003
Aluminium,Reference,2029,3105.25,0.0,3105.25,0.2,0.8,2484.2000000000003
Aluminium,Reference,2030,3105.25,0.0,3105.25,0.2,0.8,2484.2000000000003
Aluminium,Reference,2031,3105.25,0.0,3105.25,0.2,0.8,2484.2000000000003
Aluminium,Reference,2032,3105.25,0.0,3105.25,0.2,0.8,2484.2000000000003
Aluminium,Reference,2033,3105.25,0.0,3105.25,0.2,0.8,2484.2000000000003
Aluminium,Reference,2034,3105.25,0.0,3105.25,0.2,0.8,2484.2000000000003
Aluminium,Reference,2035,3105.25,0.0,3105.25,0.2,0.8,2484.2000000000003
Aluminium,Reference,2036,3105.25,0.0,3105.25,0.2,0.8,2484.2000000000003
Aluminium,Reference,2037,3105.25,0.0,3105.25,0.2,0.8,2484.2000000000003
Aluminium,Reference,2038,3105.25,0.0,3105.25,0.2,0.8,2484.2000000000003
Aluminium,Reference,2039,3105.25,0.0,3105.25,0.2,0.8,2484.2000000000003
Aluminium,Reference,2040,3105.25,0.0,3105.25,0.2,0.8,2484.2000000000003
Aluminium,Reference,2041,3105.25,0.0,3105.25,0.2,0.8,2484.2000000000003
Aluminium,Reference,2042,3105.25,0.0,3105.25,0.2,0.8,2484.2000000000003
Aluminium,Reference,2043,3105.25,0.0,3105.25,0.2,0.8,2484.2000000000003
Aluminium,Reference,2044,3105.25,0.0,3105.25,0.2,0.8,2484.2000000000003
Aluminium,Reference,2045,3105.25,0.0,3105.25,0.2,0.8,2484.2000000000003
Aluminium,Reference,2046,3105.25,0.0,3105.25,0.2,0.8,2484.2000000000003
Aluminium,Reference,2047,3105.25,0.0,3105.25,0.2,0.8,2484.2000000000003
Aluminium,Reference,2048,3105.25,0.0,3105.25,0.2,0.8,2484.2000000000003
Aluminium,Reference,2049,3105.25,0.0,3105.25,0.2,0.8,2484.2000000000003
Aluminium,Reference,2050,3105.25,0.0,3105.25,0.2,0.8,2484.2000000000003
Aluminium,Reference,2051,3105.25,0.0,3105.25,0.2,0.8,2484.2000000000003
Aluminium,Reference,2052,3105.25,0.0,3105.25,0.2,0.8,2484.2000000000003
Aluminium,Reference,2053,3105.25,0.0,3105.25,0.2,0.8,2484.2000000000003
Aluminium,Reference,2054,3105.25,0.0,3105.25,0.2,0.8,2484.2000000000003
Aluminium,Reference,2055,3105.25,0.0,3105.25,0.2,0.8,2484.2000000000003
Aluminium,Reference,2056,3105.25,0.0,3105.25,0.2,0.8,2484.2000000000003
Aluminium,Reference,2057,3105.25,0.0,3105.25,0.2,0.8,2484.2000000000003
Aluminium,Reference,2058,3105.25,0.0,3105.25,0.2,0.8,2484.2000000000003
Aluminium,Reference,2059,3105.25,0.0,3105.25,0.2,0.8,2484.2000000000003
Aluminium,Reference,2060,3105.25,0.0,3105.25,0.2,0.8,2484.2000000000003
Aluminium,Reference,2061,3105.25,0.0,3105.25,0.2,0.8,2484.2000000000003
Aluminium,Reference,2062,3105.25,0.0,3105.25,0.2,0.8,2484.2000000000003
Aluminium,Reference,2063,3105.25,0.0,3105.25,0.2,0.8,2484.2000000000003
Aluminium,Reference,2064,3105.25,0.0,3105.25,0.2,0.8,2484.2000000000003
Aluminium,Reference,2065,3105.25,0.0,3105.25,0.2,0.8,2484.2000000000003
Aluminium,Reference,2066,3105.25,0.0,3105.25,0.2,0.8,2484.2000000000003
Aluminium,Reference,2067,3105.25,0.0,3105.25,0.2,0.8,2484.2000000000003
Aluminium,Reference,2068,3105.25,0.0,3105.25,0.2,0.8,2484.2000000000003
Aluminium,Reference,2069,3105.25,0.0,3105.25,0.2,0.8,2484.2000000000003
Aluminium,Reference,2070,3105.25,0.0,3105.25,0.2,0.8,2484.2000000000003
Aluminium,Reference,2071,3105.25,0.0,3105.25,0.2,0.8,2484.2000000000003
Aluminium,Reference,2072,3105.25,0.0,3105.25,0.2,0.8,2484.2000000000003
Aluminium,Reference,2073,3105.25,0.0,3105.25,0.2,0.8,2484.2000000000003
Aluminium,Reference,2074,3105.25,0.0,3105.25,0.2,0.8,2484.2000000000003
Aluminium,Reference,2075,3105.25,0.0,3105.25,0.2,0.8,2484.2000000000003
Aluminium,Upside,2026,3105.25,0.0,3105.25,0.2,0.8,2484.2000000000003
Aluminium,Upside,2027,3105.25,0.02,3167.355,0.2,0.8,2533.884
Aluminium,Upside,2028,3105.25,0.02,3230.7021,0.2,0.8,2584.5616800000003
Aluminium,Upside,2029,3105.25,0.02,3295.316142,0.2,0.8,2636.2529136000003
Aluminium,Upside,2030,3105.25,0.02,3361.22246484,0.2,0.8,2688.977971872
Aluminium,Upside,2031,3105.25,0.02,3428.4469141368004,0.2,0.8,2742.7575313094403
Aluminium,Upside,2032,3105.25,0.02,3497.0158524195363,0.2,0.8,2797.612681935629
Aluminium,Upside,2033,3105.25,0.02,3566.956169467927,0.2,0.8,2853.5649355743417
Aluminium,Upside,2034,3105.25,0.02,3638.2952928572854,0.2,0.8,2910.6362342858283
Aluminium,Upside,2035,3105.25,0.02,3711.061198714431,0.2,0.8,2968.848958971545
Aluminium,Upside,2036,3105.25,0.0,3711.061198714431,0.2,0.8,2968.848958971545
Aluminium,Upside,2037,3105.25,0.0,3711.061198714431,0.2,0.8,2968.848958971545
Aluminium,Upside,2038,3105.25,0.0,3711.061198714431,0.2,0.8,2968.848958971545
Aluminium,Upside,2039,3105.25,0.0,3711.061198714431,0.2,0.8,2968.848958971545
Aluminium,Upside,2040,3105.25,0.0,3711.061198714431,0.2,0.8,2968.848958971545
Aluminium,Upside,2041,3105.25,0.0,3711.061198714431,0.2,0.8,2968.848958971545
Aluminium,Upside,2042,3105.25,0.0,3711.061198714431,0.2,0.8,2968.848958971545
Aluminium,Upside,2043,3105.25,0.0,3711.061198714431,0.2,0.8,2968.848958971545
Aluminium,Upside,2044,3105.25,0.0,3711.061198714431,0.2,0.8,2968.848958971545
Aluminium,Upside,2045,3105.25,0.0,3711.061198714431,0.2,0.8,2968.848958971545
Aluminium,Upside,2046,3105.25,0.0,3711.061198714431,0.2,0.8,2968.848958971545
Aluminium,Upside,2047,3105.25,0.0,3711.061198714431,0.2,0.8,2968.848958971545
Aluminium,Upside,2048,3105.25,0.0,3711.061198714431,0.2,0.8,2968.848958971545
Aluminium,Upside,2049,3105.25,0.0,3711.061198714431,0.2,0.8,2968.848958971545
Aluminium,Upside,2050,3105.25,0.0,3711.061198714431,0.2,0.8,2968.848958971545
Aluminium,Upside,2051,3105.25,0.0,3711.061198714431,0.2,0.8,2968.848958971545
Aluminium,Upside,2052,3105.25,0.0,3711.061198714431,0.2,0.8,2968.848958971545
Aluminium,Upside,2053,3105.25,0.0,3711.061198714431,0.2,0.8,2968.848958971545
Aluminium,Upside,2054,3105.25,0.0,3711.061198714431,0.2,0.8,2968.848958971545
Aluminium,Upside,2055,3105.25,0.0,3711.061198714431,0.2,0.8,2968.848958971545
Aluminium,Upside,2056,3105.25,0.0,3711.061198714431,0.2,0.8,2968.848958971545
Aluminium,Upside,2057,3105.25,0.0,3711.061198714431,0.2,0.8,2968.848958971545
Aluminium,Upside,2058,3105.25,0.0,3711.061198714431,0.2,0.8,2968.848958971545
Aluminium,Upside,2059,3105.25,0.0,3711.061198714431,0.2,0.8,2968.848958971545
Aluminium,Upside,2060,3105.25,0.0,3711.061198714431,0.2,0.8,2968.848958971545
Aluminium,Upside,2061,3105.25,0.0,3711.061198714431,0.2,0.8,2968.848958971545
Aluminium,Upside,2062,3105.25,0.0,3711.061198714431,0.2,0.8,2968.848958971545
Aluminium,Upside,2063,3105.25,0.0,3711.061198714431,0.2,0.8,2968.848958971545
Aluminium,Upside,2064,3105.25,0.0,3711.061198714431,0.2,0.8,2968.848958971545
Aluminium,Upside,2065,3105.25,0.0,3711.061198714431,0.2,0.8,2968.848958971545
Aluminium,Upside,2066,3105.25,0.0,3711.061198714431,0.2,0.8,2968.848958971545
Aluminium,Upside,2067,3105.25,0.0,3711.061198714431,0.2,0.8,2968.848958971545
Aluminium,Upside,2068,3105.25,0.0,3711.061198714431,0.2,0.8,2968.848958971545
Aluminium,Upside,2069,3105.25,0.0,3711.061198714431,0.2,0.8,2968.848958971545
Aluminium,Upside,2070,3105.25,0.0,3711.061198714431,0.2,0.8,2968.848958971545
Aluminium,Upside,2071,3105.25,0.0,3711.061198714431,0.2,0.8,2968.848958971545
Aluminium,Upside,2072,3105.25,0.0,3711.061198714431,0.2,0.8,2968.848958971545
Aluminium,Upside,2073,3105.25,0.0,3711.061198714431,0.2,0.8,2968.848958971545
Aluminium,Upside,2074,3105.25,0.0,3711.061198714431,0.2,0.8,2968.848958971545
Aluminium,Upside,2075,3105.25,0.0,3711.061198714431,0.2,0.8,2968.848958971545
Copper,Downside,2026,13340.75,0.0,13340.75,0.08,0.92,12273.49
Copper,Downside,2027,13340.75,-0.02,13073.935,0.08,0.92,12028.0202
Copper,Downside,2028,13340.75,-0.02,12812.4563,0.08,0.92,11787.459796000001
Copper,Downside,2029,13340.75,-0.02,12556.207174,0.08,0.92,11551.71060008
Copper,Downside,2030,13340.75,-0.02,12305.08303052,0.08,0.92,11320.6763880784
Copper,Downside,2031,13340.75,-0.02,12058.9813699096,0.08,0.92,11094.262860316832
Copper,Downside,2032,13340.75,-0.02,11817.801742511407,0.08,0.92,10872.377603110495
Copper,Downside,2033,13340.75,-0.02,11581.445707661178,0.08,0.92,10654.930051048284
Copper,Downside,2034,13340.75,-0.02,11349.816793507955,0.08,0.92,10441.831450027319
Copper,Downside,2035,13340.75,-0.02,11122.820457637796,0.08,0.92,10232.994821026772
Copper,Downside,2036,13340.75,0.0,11122.820457637796,0.08,0.92,10232.994821026772
Copper,Downside,2037,13340.75,0.0,11122.820457637796,0.08,0.92,10232.994821026772
Copper,Downside,2038,13340.75,0.0,11122.820457637796,0.08,0.92,10232.994821026772
Copper,Downside,2039,13340.75,0.0,11122.820457637796,0.08,0.92,10232.994821026772
Copper,Downside,2040,13340.75,0.0,11122.820457637796,0.08,0.92,10232.994821026772
Copper,Downside,2041,13340.75,0.0,11122.820457637796,0.08,0.92,10232.994821026772
Copper,Downside,2042,13340.75,0.0,11122.820457637796,0.08,0.92,10232.994821026772
Copper,Downside,2043,13340.75,0.0,11122.820457637796,0.08,0.92,10232.994821026772
Copper,Downside,2044,13340.75,0.0,11122.820457637796,0.08,0.92,10232.994821026772
Copper,Downside,2045,13340.75,0.0,11122.820457637796,0.08,0.92,10232.994821026772
Copper,Downside,2046,13340.75,0.0,11122.820457637796,0.08,0.92,10232.994821026772
Copper,Downside,2047,13340.75,0.0,11122.820457637796,0.08,0.92,10232.994821026772
Copper,Downside,2048,13340.75,0.0,11122.820457637796,0.08,0.92,10232.994821026772
Copper,Downside,2049,13340.75,0.0,11122.820457637796,0.08,0.92,10232.994821026772
Copper,Downside,2050,13340.75,0.0,11122.820457637796,0.08,0.92,10232.994821026772
Copper,Downside,2051,13340.75,0.0,11122.820457637796,0.08,0.92,10232.994821026772
Copper,Downside,2052,13340.75,0.0,11122.820457637796,0.08,0.92,10232.994821026772
Copper,Downside,2053,13340.75,0.0,11122.820457637796,0.08,0.92,10232.994821026772
Copper,Downside,2054,13340.75,0.0,11122.820457637796,0.08,0.92,10232.994821026772
Copper,Downside,2055,13340.75,0.0,11122.820457637796,0.08,0.92,10232.994821026772
Copper,Downside,2056,13340.75,0.0,11122.820457637796,0.08,0.92,10232.994821026772
Copper,Downside,2057,13340.75,0.0,11122.820457637796,0.08,0.92,10232.994821026772
Copper,Downside,2058,13340.75,0.0,11122.820457637796,0.08,0.92,10232.994821026772
Copper,Downside,2059,13340.75,0.0,11122.820457637796,0.08,0.92,10232.994821026772
Copper,Downside,2060,13340.75,0.0,11122.820457637796,0.08,0.92,10232.994821026772
Copper,Downside,2061,13340.75,0.0,11122.820457637796,0.08,0.92,10232.994821026772
Copper,Downside,2062,13340.75,0.0,11122.820457637796,0.08,0.92,10232.994821026772
Copper,Downside,2063,13340.75,0.0,11122.820457637796,0.08,0.92,10232.994821026772
Copper,Downside,2064,13340.75,0.0,11122.820457637796,0.08,0.92,10232.994821026772
Copper,Downside,2065,13340.75,0.0,11122.820457637796,0.08,0.92,10232.994821026772
Copper,Downside,2066,13340.75,0.0,11122.820457637796,0.08,0.92,10232.994821026772
Copper,Downside,2067,13340.75,0.0,11122.820457637796,0.08,0.92,10232.994821026772
Copper,Downside,2068,13340.75,0.0,11122.820457637796,0.08,0.92,10232.994821026772
Copper,Downside,2069,13340.75,0.0,11122.820457637796,0.08,0.92,10232.994821026772
Copper,Downside,2070,13340.75,0.0,11122.820457637796,0.08,0.92,10232.994821026772
Copper,Downside,2071,13340.75,0.0,11122.820457637796,0.08,0.92,10232.994821026772
Copper,Downside,2072,13340.75,0.0,11122.820457637796,0.08,0.92,10232.994821026772
Copper,Downside,2073,13340.75,0.0,11122.820457637796,0.08,0.92,10232.994821026772
Copper,Downside,2074,13340.75,0.0,11122.820457637796,0.08,0.92,10232.994821026772
Copper,Downside,2075,13340.75,0.0,11122.820457637796,0.08,0.92,10232.994821026772
Copper,Reference,2026,13340.75,0.0,13340.75,0.08,0.92,12273.49
Copper,Reference,2027,13340.75,0.0,13340.75,0.08,0.92,12273.49
Copper,Reference,2028,13340.75,0.0,13340.75,0.08,0.92,12273.49
Copper,Reference,2029,13340.75,0.0,13340.75,0.08,0.92,12273.49
Copper,Reference,2030,13340.75,0.0,13340.75,0.08,0.92,12273.49
Copper,Reference,2031,13340.75,0.0,13340.75,0.08,0.92,12273.49
Copper,Reference,2032,13340.75,0.0,13340.75,0.08,0.92,12273.49
Copper,Reference,2033,13340.75,0.0,13340.75,0.08,0.92,12273.49
Copper,Reference,2034,13340.75,0.0,13340.75,0.08,0.92,12273.49
Copper,Reference,2035,13340.75,0.0,13340.75,0.08,0.92,12273.49
Copper,Reference,2036,13340.75,0.0,13340.75,0.08,0.92,12273.49
Copper,Reference,2037,13340.75,0.0,13340.75,0.08,0.92,12273.49
Copper,Reference,2038,13340.75,0.0,13340.75,0.08,0.92,12273.49
Copper,Reference,2039,13340.75,0.0,13340.75,0.08,0.92,12273.49
Copper,Reference,2040,13340.75,0.0,13340.75,0.08,0.92,12273.49
Copper,Reference,2041,13340.75,0.0,13340.75,0.08,0.92,12273.49
Copper,Reference,2042,13340.75,0.0,13340.75,0.08,0.92,12273.49
Copper,Reference,2043,13340.75,0.0,13340.75,0.08,0.92,12273.49
Copper,Reference,2044,13340.75,0.0,13340.75,0.08,0.92,12273.49
Copper,Reference,2045,13340.75,0.0,13340.75,0.08,0.92,12273.49
Copper,Reference,2046,13340.75,0.0,13340.75,0.08,0.92,12273.49
Copper,Reference,2047,13340.75,0.0,13340.75,0.08,0.92,12273.49
Copper,Reference,2048,13340.75,0.0,13340.75,0.08,0.92,12273.49
Copper,Reference,2049,13340.75,0.0,13340.75,0.08,0.92,12273.49
Copper,Reference,2050,13340.75,0.0,13340.75,0.08,0.92,12273.49
Copper,Reference,2051,13340.75,0.0,13340.75,0.08,0.92,12273.49
Copper,Reference,2052,13340.75,0.0,13340.75,0.08,0.92,12273.49
Copper,Reference,2053,13340.75,0.0,13340.75,0.08,0.92,12273.49
Copper,Reference,2054,13340.75,0.0,13340.75,0.08,0.92,12273.49
Copper,Reference,2055,13340.75,0.0,13340.75,0.08,0.92,12273.49
Copper,Reference,2056,13340.75,0.0,13340.75,0.08,0.92,12273.49
Copper,Reference,2057,13340.75,0.0,13340.75,0.08,0.92,12273.49
Copper,Reference,2058,13340.75,0.0,13340.75,0.08,0.92,12273.49
Copper,Reference,2059,13340.75,0.0,13340.75,0.08,0.92,12273.49
Copper,Reference,2060,13340.75,0.0,13340.75,0.08,0.92,12273.49
Copper,Reference,2061,13340.75,0.0,13340.75,0.08,0.92,12273.49
Copper,Reference,2062,13340.75,0.0,13340.75,0.08,0.92,12273.49
Copper,Reference,2063,13340.75,0.0,13340.75,0.08,0.92,12273.49
Copper,Reference,2064,13340.75,0.0,13340.75,0.08,0.92,12273.49
Copper,Reference,2065,13340.75,0.0,13340.75,0.08,0.92,12273.49
Copper,Reference,2066,13340.75,0.0,13340.75,0.08,0.92,12273.49
Copper,Reference,2067,13340.75,0.0,13340.75,0.08,0.92,12273.49
Copper,Reference,2068,13340.75,0.0,13340.75,0.08,0.92,12273.49
Copper,Reference,2069,13340.75,0.0,13340.75,0.08,0.92,12273.49
Copper,Reference,2070,13340.75,0.0,13340.75,0.08,0.92,12273.49
Copper,Reference,2071,13340.75,0.0,13340.75,0.08,0.92,12273.49
Copper,Reference,2072,13340.75,0.0,13340.75,0.08,0.92,12273.49
Copper,Reference,2073,13340.75,0.0,13340.75,0.08,0.92,12273.49
Copper,Reference,2074,13340.75,0.0,13340.75,0.08,0.92,12273.49
Copper,Reference,2075,13340.75,0.0,13340.75,0.08,0.92,12273.49
Copper,Upside,2026,13340.75,0.0,13340.75,0.08,0.92,12273.49
Copper,Upside,2027,13340.75,0.02,13607.565,0.08,0.92,12518.9598
Copper,Upside,2028,13340.75,0.02,13879.7163,0.08,0.92,12769.338996
Copper,Upside,2029,13340.75,0.02,14157.310626,0.08,0.92,13024.72577592
Copper,Upside,2030,13340.75,0.02,14440.45683852,0.08,0.92,13285.2202914384
Copper,Upside,2031,13340.75,0.02,14729.2659752904,0.08,0.92,13550.924697267168
Copper,Upside,2032,13340.75,0.02,15023.851294796208,0.08,0.92,13821.943191212513
Copper,Upside,2033,13340.75,0.02,15324.328320692133,0.08,0.92,14098.382055036764
Copper,Upside,2034,13340.75,0.02,15630.814887105977,0.08,0.92,14380.349696137499
Copper,Upside,2035,13340.75,0.02,15943.431184848096,0.08,0.92,14667.95669006025
Copper,Upside,2036,13340.75,0.0,15943.431184848096,0.08,0.92,14667.95669006025
Copper,Upside,2037,13340.75,0.0,15943.431184848096,0.08,0.92,14667.95669006025
Copper,Upside,2038,13340.75,0.0,15943.431184848096,0.08,0.92,14667.95669006025
Copper,Upside,2039,13340.75,0.0,15943.431184848096,0.08,0.92,14667.95669006025
Copper,Upside,2040,13340.75,0.0,15943.431184848096,0.08,0.92,14667.95669006025
Copper,Upside,2041,13340.75,0.0,15943.431184848096,0.08,0.92,14667.95669006025
Copper,Upside,2042,13340.75,0.0,15943.431184848096,0.08,0.92,14667.95669006025
Copper,Upside,2043,13340.75,0.0,15943.431184848096,0.08,0.92,14667.95669006025
Copper,Upside,2044,13340.75,0.0,15943.431184848096,0.08,0.92,14667.95669006025
Copper,Upside,2045,13340.75,0.0,15943.431184848096,0.08,0.92,14667.95669006025
Copper,Upside,2046,13340.75,0.0,15943.431184848096,0.08,0.92,14667.95669006025
Copper,Upside,2047,13340.75,0.0,15943.431184848096,0.08,0.92,14667.95669006025
Copper,Upside,2048,13340.75,0.0,15943.431184848096,0.08,0.92,14667.95669006025
Copper,Upside,2049,13340.75,0.0,15943.431184848096,0.08,0.92,14667.95669006025
Copper,Upside,2050,13340.75,0.0,15943.431184848096,0.08,0.92,14667.95669006025
Copper,Upside,2051,13340.75,0.0,15943.431184848096,0.08,0.92,14667.95669006025
Copper,Upside,2052,13340.75,0.0,15943.431184848096,0.08,0.92,14667.95669006025
Copper,Upside,2053,13340.75,0.0,15943.431184848096,0.08,0.92,14667.95669006025
Copper,Upside,2054,13340.75,0.0,15943.431184848096,0.08,0.92,14667.95669006025
Copper,Upside,2055,13340.75,0.0,15943.431184848096,0.08,0.92,14667.95669006025
Copper,Upside,2056,13340.75,0.0,15943.431184848096,0.08,0.92,14667.95669006025
Copper,Upside,2057,13340.75,0.0,15943.431184848096,0.08,0.92,14667.95669006025
Copper,Upside,2058,13340.75,0.0,15943.431184848096,0.08,0.92,14667.95669006025
Copper,Upside,2059,13340.75,0.0,15943.431184848096,0.08,0.92,14667.95669006025
Copper,Upside,2060,13340.75,0.0,15943.431184848096,0.08,0.92,14667.95669006025
Copper,Upside,2061,13340.75,0.0,15943.431184848096,0.08,0.92,14667.95669006025
Copper,Upside,2062,13340.75,0.0,15943.431184848096,0.08,0.92,14667.95669006025
Copper,Upside,2063,13340.75,0.0,15943.431184848096,0.08,0.92,14667.95669006025
Copper,Upside,2064,13340.75,0.0,15943.431184848096,0.08,0.92,14667.95669006025
Copper,Upside,2065,13340.75,0.0,15943.431184848096,0.08,0.92,14667.95669006025
Copper,Upside,2066,13340.75,0.0,15943.431184848096,0.08,0.92,14667.95669006025
Copper,Upside,2067,13340.75,0.0,15943.431184848096,0.08,0.92,14667.95669006025
Copper,Upside,2068,13340.75,0.0,15943.431184848096,0.08,0.92,14667.95669006025
Copper,Upside,2069,13340.75,0.0,15943.431184848096,0.08,0.92,14667.95669006025
Copper,Upside,2070,13340.75,0.0,15943.431184848096,0.08,0.92,14667.95669006025
Copper,Upside,2071,13340.75,0.0,15943.431184848096,0.08,0.92,14667.95669006025
Copper,Upside,2072,13340.75,0.0,15943.431184848096,0.08,0.92,14667.95669006025
Copper,Upside,2073,13340.75,0.0,15943.431184848096,0.08,0.92,14667.95669006025
Copper,Upside,2074,13340.75,0.0,15943.431184848096,0.08,0.92,14667.95669006025
Copper,Upside,2075,13340.75,0.0,15943.431184848096,0.08,0.92,14667.95669006025
Glass,Downside,2026,618.69,0.0,618.69,0.3,0.7,433.083
Glass,Downside,2027,618.69,-0.01,612.5031,0.3,0.7,428.75217
Glass,Downside,2028,618.69,-0.01,606.378069,0.3,0.7,424.46464829999996
Glass,Downside,2029,618.69,-0.01,600.3142883099999,0.3,0.7,420.2200018169999
Glass,Downside,2030,618.69,-0.01,594.3111454268999,0.3,0.7,416.0178017988299
Glass,Downside,2031,618.69,-0.01,588.3680339726309,0.3,0.7,411.8576237808416
Glass,Downside,2032,618.69,-0.01,582.4843536329046,0.3,0.7,407.73904754303317
Glass,Downside,2033,618.69,-0.01,576.6595100965756,0.3,0.7,403.66165706760285
Glass,Downside,2034,618.69,-0.01,570.8929149956098,0.3,0.7,399.62504049692683
Glass,Downside,2035,618.69,-0.01,565.1839858456536,0.3,0.7,395.6287900919575
Glass,Downside,2036,618.69,0.0,565.1839858456536,0.3,0.7,395.6287900919575
Glass,Downside,2037,618.69,0.0,565.1839858456536,0.3,0.7,395.6287900919575
Glass,Downside,2038,618.69,0.0,565.1839858456536,0.3,0.7,395.6287900919575
Glass,Downside,2039,618.69,0.0,565.1839858456536,0.3,0.7,395.6287900919575
Glass,Downside,2040,618.69,0.0,565.1839858456536,0.3,0.7,395.6287900919575
Glass,Downside,2041,618.69,0.0,565.1839858456536,0.3,0.7,395.6287900919575
Glass,Downside,2042,618.69,0.0,565.1839858456536,0.3,0.7,395.6287900919575
Glass,Downside,2043,618.69,0.0,565.1839858456536,0.3,0.7,395.6287900919575
Glass,Downside,2044,618.69,0.0,565.1839858456536,0.3,0.7,395.6287900919575
Glass,Downside,2045,618.69,0.0,565.1839858456536,0.3,0.7,395.6287900919575
Glass,Downside,2046,618.69,0.0,565.1839858456536,0.3,0.7,395.6287900919575
Glass,Downside,2047,618.69,0.0,565.1839858456536,0.3,0.7,395.6287900919575
Glass,Downside,2048,618.69,0.0,565.1839858456536,0.3,0.7,395.6287900919575
Glass,Downside,2049,618.69,0.0,565.1839858456536,0.3,0.7,395.6287900919575
Glass,Downside,2050,618.69,0.0,565.1839858456536,0.3,0.7,395.6287900919575
Glass,Downside,2051,618.69,0.0,565.1839858456536,0.3,0.7,395.6287900919575
Glass,Downside,2052,618.69,0.0,565.1839858456536,0.3,0.7,395.6287900919575
Glass,Downside,2053,618.69,0.0,565.1839858456536,0.3,0.7,395.6287900919575
Glass,Downside,2054,618.69,0.0,565.1839858456536,0.3,0.7,395.6287900919575
Glass,Downside,2055,618.69,0.0,565.1839858456536,0.3,0.7,395.6287900919575
Glass,Downside,2056,618.69,0.0,565.1839858456536,0.3,0.7,395.6287900919575
Glass,Downside,2057,618.69,0.0,565.1839858456536,0.3,0.7,395.6287900919575
Glass,Downside,2058,618.69,0.0,565.1839858456536,0.3,0.7,395.6287900919575
Glass,Downside,2059,618.69,0.0,565.1839858456536,0.3,0.7,395.6287900919575
Glass,Downside,2060,618.69,0.0,565.1839858456536,0.3,0.7,395.6287900919575
Glass,Downside,2061,618.69,0.0,565.1839858456536,0.3,0.7,395.6287900919575
Glass,Downside,2062,618.69,0.0,565.1839858456536,0.3,0.7,395.6287900919575
Glass,Downside,2063,618.69,0.0,565.1839858456536,0.3,0.7,395.6287900919575
Glass,Downside,2064,618.69,0.0,565.1839858456536,0.3,0.7,395.6287900919575
Glass,Downside,2065,618.69,0.0,565.1839858456536,0.3,0.7,395.6287900919575
Glass,Downside,2066,618.69,0.0,565.1839858456536,0.3,0.7,395.6287900919575
Glass,Downside,2067,618.69,0.0,565.1839858456536,0.3,0.7,395.6287900919575
Glass,Downside,2068,618.69,0.0,565.1839858456536,0.3,0.7,395.6287900919575
Glass,Downside,2069,618.69,0.0,565.1839858456536,0.3,0.7,395.6287900919575
Glass,Downside,2070,618.69,0.0,565.1839858456536,0.3,0.7,395.6287900919575
Glass,Downside,2071,618.69,0.0,565.1839858456536,0.3,0.7,395.6287900919575
Glass,Downside,2072,618.69,0.0,565.1839858456536,0.3,0.7,395.6287900919575
Glass,Downside,2073,618.69,0.0,565.1839858456536,0.3,0.7,395.6287900919575
Glass,Downside,2074,618.69,0.0,565.1839858456536,0.3,0.7,395.6287900919575
Glass,Downside,2075,618.69,0.0,565.1839858456536,0.3,0.7,395.6287900919575
Glass,Reference,2026,618.69,0.0,618.69,0.3,0.7,433.083
Glass,Reference,2027,618.69,0.0,618.69,0.3,0.7,433.083
Glass,Reference,2028,618.69,0.0,618.69,0.3,0.7,433.083
Glass,Reference,2029,618.69,0.0,618.69,0.3,0.7,433.083
Glass,Reference,2030,618.69,0.0,618.69,0.3,0.7,433.083
Glass,Reference,2031,618.69,0.0,618.69,0.3,0.7,433.083
Glass,Reference,2032,618.69,0.0,618.69,0.3,0.7,433.083
Glass,Reference,2033,618.69,0.0,618.69,0.3,0.7,433.083
Glass,Reference,2034,618.69,0.0,618.69,0.3,0.7,433.083
Glass,Reference,2035,618.69,0.0,618.69,0.3,0.7,433.083
Glass,Reference,2036,618.69,0.0,618.69,0.3,0.7,433.083
Glass,Reference,2037,618.69,0.0,618.69,0.3,0.7,433.083
Glass,Reference,2038,618.69,0.0,618.69,0.3,0.7,433.083
Glass,Reference,2039,618.69,0.0,618.69,0.3,0.7,433.083
Glass,Reference,2040,618.69,0.0,618.69,0.3,0.7,433.083
Glass,Reference,2041,618.69,0.0,618.69,0.3,0.7,433.083
Glass,Reference,2042,618.69,0.0,618.69,0.3,0.7,433.083
Glass,Reference,2043,618.69,0.0,618.69,0.3,0.7,433.083
Glass,Reference,2044,618.69,0.0,618.69,0.3,0.7,433.083
Glass,Reference,2045,618.69,0.0,618.69,0.3,0.7,433.083
Glass,Reference,2046,618.69,0.0,618.69,0.3,0.7,433.083
Glass,Reference,2047,618.69,0.0,618.69,0.3,0.7,433.083
Glass,Reference,2048,618.69,0.0,618.69,0.3,0.7,433.083
Glass,Reference,2049,618.69,0.0,618.69,0.3,0.7,433.083
Glass,Reference,2050,618.69,0.0,618.69,0.3,0.7,433.083
Glass,Reference,2051,618.69,0.0,618.69,0.3,0.7,433.083
Glass,Reference,2052,618.69,0.0,618.69,0.3,0.7,433.083
Glass,Reference,2053,618.69,0.0,618.69,0.3,0.7,433.083
Glass,Reference,2054,618.69,0.0,618.69,0.3,0.7,433.083
Glass,Reference,2055,618.69,0.0,618.69,0.3,0.7,433.083
Glass,Reference,2056,618.69,0.0,618.69,0.3,0.7,433.083
Glass,Reference,2057,618.69,0.0,618.69,0.3,0.7,433.083
Glass,Reference,2058,618.69,0.0,618.69,0.3,0.7,433.083
Glass,Reference,2059,618.69,0.0,618.69,0.3,0.7,433.083
Glass,Reference,2060,618.69,0.0,618.69,0.3,0.7,433.083
Glass,Reference,2061,618.69,0.0,618.69,0.3,0.7,433.083
Glass,Reference,2062,618.69,0.0,618.69,0.3,0.7,433.083
Glass,Reference,2063,618.69,0.0,618.69,0.3,0.7,433.083
Glass,Reference,2064,618.69,0.0,618.69,0.3,0.7,433.083
Glass,Reference,2065,618.69,0.0,618.69,0.3,0.7,433.083
Glass,Reference,2066,618.69,0.0,618.69,0.3,0.7,433.083
Glass,Reference,2067,618.69,0.0,618.69,0.3,0.7,433.083
Glass,Reference,2068,618.69,0.0,618.69,0.3,0.7,433.083
Glass,Reference,2069,618.69,0.0,618.69,0.3,0.7,433.083
Glass,Reference,2070,618.69,0.0,618.69,0.3,0.7,433.083
Glass,Reference,2071,618.69,0.0,618.69,0.3,0.7,433.083
Glass,Reference,2072,618.69,0.0,618.69,0.3,0.7,433.083
Glass,Reference,2073,618.69,0.0,618.69,0.3,0.7,433.083
Glass,Reference,2074,618.69,0.0,618.69,0.3,0.7,433.083
Glass,Reference,2075,618.69,0.0,618.69,0.3,0.7,433.083
Glass,Upside,2026,618.69,0.0,618.69,0.3,0.7,433.083
Glass,Upside,2027,618.69,0.01,624.8769000000001,0.3,0.7,437.41383
Glass,Upside,2028,618.69,0.01,631.1256690000001,0.3,0.7,441.78796830000005
Glass,Upside,2029,618.69,0.01,637.4369256900002,0.3,0.7,446.2058479830001
Glass,Upside,2030,618.69,0.01,643.8112949469001,0.3,0.7,450.66790646283005
Glass,Upside,2031,618.69,0.01,650.2494078963691,0.3,0.7,455.17458552745836
Glass,Upside,2032,618.69,0.01,656.7519019753328,0.3,0.7,459.7263313827329
Glass,Upside,2033,618.69,0.01,663.3194209950861,0.3,0.7,464.3235946965603
Glass,Upside,2034,618.69,0.01,669.952615205037,0.3,0.7,468.96683064352584
Glass,Upside,2035,618.69,0.01,676.6521413570873,0.3,0.7,473.6564989499611
Glass,Upside,2036,618.69,0.0,676.6521413570873,0.3,0.7,473.6564989499611
Glass,Upside,2037,618.69,0.0,676.6521413570873,0.3,0.7,473.6564989499611
Glass,Upside,2038,618.69,0.0,676.6521413570873,0.3,0.7,473.6564989499611
Glass,Upside,2039,618.69,0.0,676.6521413570873,0.3,0.7,473.6564989499611
Glass,Upside,2040,618.69,0.0,676.6521413570873,0.3,0.7,473.6564989499611
Glass,Upside,2041,618.69,0.0,676.6521413570873,0.3,0.7,473.6564989499611
Glass,Upside,2042,618.69,0.0,676.6521413570873,0.3,0.7,473.6564989499611
Glass,Upside,2043,618.69,0.0,676.6521413570873,0.3,0.7,473.6564989499611
Glass,Upside,2044,618.69,0.0,676.6521413570873,0.3,0.7,473.6564989499611
Glass,Upside,2045,618.69,0.0,676.6521413570873,0.3,0.7,473.6564989499611
Glass,Upside,2046,618.69,0.0,676.6521413570873,0.3,0.7,473.6564989499611
Glass,Upside,2047,618.69,0.0,676.6521413570873,0.3,0.7,473.6564989499611
Glass,Upside,2048,618.69,0.0,676.6521413570873,0.3,0.7,473.6564989499611
Glass,Upside,2049,618.69,0.0,676.6521413570873,0.3,0.7,473.6564989499611
Glass,Upside,2050,618.69,0.0,676.6521413570873,0.3,0.7,473.6564989499611
Glass,Upside,2051,618.69,0.0,676.6521413570873,0.3,0.7,473.6564989499611
Glass,Upside,2052,618.69,0.0,676.6521413570873,0.3,0.7,473.6564989499611
Glass,Upside,2053,618.69,0.0,676.6521413570873,0.3,0.7,473.6564989499611
Glass,Upside,2054,618.69,0.0,676.6521413570873,0.3,0.7,473.6564989499611
Glass,Upside,2055,618.69,0.0,676.6521413570873,0.3,0.7,473.6564989499611
Glass,Upside,2056,618.69,0.0,676.6521413570873,0.3,0.7,473.6564989499611
Glass,Upside,2057,618.69,0.0,676.6521413570873,0.3,0.7,473.6564989499611
Glass,Upside,2058,618.69,0.0,676.6521413570873,0.3,0.7,473.6564989499611
Glass,Upside,2059,618.69,0.0,676.6521413570873,0.3,0.7,473.6564989499611
Glass,Upside,2060,618.69,0.0,676.6521413570873,0.3,0.7,473.6564989499611
Glass,Upside,2061,618.69,0.0,676.6521413570873,0.3,0.7,473.6564989499611
Glass,Upside,2062,618.69,0.0,676.6521413570873,0.3,0.7,473.6564989499611
Glass,Upside,2063,618.69,0.0,676.6521413570873,0.3,0.7,473.6564989499611
Glass,Upside,2064,618.69,0.0,676.6521413570873,0.3,0.7,473.6564989499611
Glass,Upside,2065,618.69,0.0,676.6521413570873,0.3,0.7,473.6564989499611
Glass,Upside,2066,618.69,0.0,676.6521413570873,0.3,0.7,473.6564989499611
Glass,Upside,2067,618.69,0.0,676.6521413570873,0.3,0.7,473.6564989499611
Glass,Upside,2068,618.69,0.0,676.6521413570873,0.3,0.7,473.6564989499611
Glass,Upside,2069,618.69,0.0,676.6521413570873,0.3,0.7,473.6564989499611
Glass,Upside,2070,618.69,0.0,676.6521413570873,0.3,0.7,473.6564989499611
Glass,Upside,2071,618.69,0.0,676.6521413570873,0.3,0.7,473.6564989499611
Glass,Upside,2072,618.69,0.0,676.6521413570873,0.3,0.7,473.6564989499611
Glass,Upside,2073,618.69,0.0,676.6521413570873,0.3,0.7,473.6564989499611
Glass,Upside,2074,618.69,0.0,676.6521413570873,0.3,0.7,473.6564989499611
Glass,Upside,2075,618.69,0.0,676.6521413570873,0.3,0.7,473.6564989499611
Polymers,Downside,2026,1266.01,0.0,1266.01,0.4,0.6,759.606
Polymers,Downside,2027,1266.01,-0.02,1240.6897999999999,0.4,0.6,744.41388
Polymers,Downside,2028,1266.01,-0.02,1215.876004,0.4,0.6,729.5256023999999
Polymers,Downside,2029,1266.01,-0.02,1191.5584839199998,0.4,0.6,714.9350903519999
Polymers,Downside,2030,1266.01,-0.02,1167.7273142415997,0.4,0.6,700.6363885449598
Polymers,Downside,2031,1266.01,-0.02,1144.3727679567678,0.4,0.6,686.6236607740607
Polymers,Downside,2032,1266.01,-0.02,1121.4853125976324,0.4,0.6,672.8911875585794
Polymers,Downside,2033,1266.01,-0.02,1099.0556063456797,0.4,0.6,659.4333638074078
Polymers,Downside,2034,1266.01,-0.02,1077.0744942187662,0.4,0.6,646.2446965312597
Polymers,Downside,2035,1266.01,-0.02,1055.5330043343909,0.4,0.6,633.3198026006345
Polymers,Downside,2036,1266.01,0.0,1055.5330043343909,0.4,0.6,633.3198026006345
Polymers,Downside,2037,1266.01,0.0,1055.5330043343909,0.4,0.6,633.3198026006345
Polymers,Downside,2038,1266.01,0.0,1055.5330043343909,0.4,0.6,633.3198026006345
Polymers,Downside,2039,1266.01,0.0,1055.5330043343909,0.4,0.6,633.3198026006345
Polymers,Downside,2040,1266.01,0.0,1055.5330043343909,0.4,0.6,633.3198026006345
Polymers,Downside,2041,1266.01,0.0,1055.5330043343909,0.4,0.6,633.3198026006345
Polymers,Downside,2042,1266.01,0.0,1055.5330043343909,0.4,0.6,633.3198026006345
Polymers,Downside,2043,1266.01,0.0,1055.5330043343909,0.4,0.6,633.3198026006345
Polymers,Downside,2044,1266.01,0.0,1055.5330043343909,0.4,0.6,633.3198026006345
Polymers,Downside,2045,1266.01,0.0,1055.5330043343909,0.4,0.6,633.3198026006345
Polymers,Downside,2046,1266.01,0.0,1055.5330043343909,0.4,0.6,633.3198026006345
Polymers,Downside,2047,1266.01,0.0,1055.5330043343909,0.4,0.6,633.3198026006345
Polymers,Downside,2048,1266.01,0.0,1055.5330043343909,0.4,0.6,633.3198026006345
Polymers,Downside,2049,1266.01,0.0,1055.5330043343909,0.4,0.6,633.3198026006345
Polymers,Downside,2050,1266.01,0.0,1055.5330043343909,0.4,0.6,633.3198026006345
Polymers,Downside,2051,1266.01,0.0,1055.5330043343909,0.4,0.6,633.3198026006345
Polymers,Downside,2052,1266.01,0.0,1055.5330043343909,0.4,0.6,633.3198026006345
Polymers,Downside,2053,1266.01,0.0,1055.5330043343909,0.4,0.6,633.3198026006345
Polymers,Downside,2054,1266.01,0.0,1055.5330043343909,0.4,0.6,633.3198026006345
Polymers,Downside,2055,1266.01,0.0,1055.5330043343909,0.4,0.6,633.3198026006345
Polymers,Downside,2056,1266.01,0.0,1055.5330043343909,0.4,0.6,633.3198026006345
Polymers,Downside,2057,1266.01,0.0,1055.5330043343909,0.4,0.6,633.3198026006345
Polymers,Downside,2058,1266.01,0.0,1055.5330043343909,0.4,0.6,633.3198026006345
Polymers,Downside,2059,1266.01,0.0,1055.5330043343909,0.4,0.6,633.3198026006345
Polymers,Downside,2060,1266.01,0.0,1055.5330043343909,0.4,0.6,633.3198026006345
Polymers,Downside,2061,1266.01,0.0,1055.5330043343909,0.4,0.6,633.3198026006345
Polymers,Downside,2062,1266.01,0.0,1055.5330043343909,0.4,0.6,633.3198026006345
Polymers,Downside,2063,1266.01,0.0,1055.5330043343909,0.4,0.6,633.3198026006345
Polymers,Downside,2064,1266.01,0.0,1055.5330043343909,0.4,0.6,633.3198026006345
Polymers,Downside,2065,1266.01,0.0,1055.5330043343909,0.4,0.6,633.3198026006345
Polymers,Downside,2066,1266.01,0.0,1055.5330043343909,0.4,0.6,633.3198026006345
Polymers,Downside,2067,1266.01,0.0,1055.5330043343909,0.4,0.6,633.3198026006345
Polymers,Downside,2068,1266.01,0.0,1055.5330043343909,0.4,0.6,633.3198026006345
Polymers,Downside,2069,1266.01,0.0,1055.5330043343909,0.4,0.6,633.3198026006345
Polymers,Downside,2070,1266.01,0.0,1055.5330043343909,0.4,0.6,633.3198026006345
Polymers,Downside,2071,1266.01,0.0,1055.5330043343909,0.4,0.6,633.3198026006345
Polymers,Downside,2072,1266.01,0.0,1055.5330043343909,0.4,0.6,633.3198026006345
Polymers,Downside,2073,1266.01,0.0,1055.5330043343909,0.4,0.6,633.3198026006345
Polymers,Downside,2074,1266.01,0.0,1055.5330043343909,0.4,0.6,633.3198026006345
Polymers,Downside,2075,1266.01,0.0,1055.5330043343909,0.4,0.6,633.3198026006345
Polymers,Reference,2026,1266.01,0.0,1266.01,0.4,0.6,759.606
Polymers,Reference,2027,1266.01,0.0,1266.01,0.4,0.6,759.606
Polymers,Reference,2028,1266.01,0.0,1266.01,0.4,0.6,759.606
Polymers,Reference,2029,1266.01,0.0,1266.01,0.4,0.6,759.606
Polymers,Reference,2030,1266.01,0.0,1266.01,0.4,0.6,759.606
Polymers,Reference,2031,1266.01,0.0,1266.01,0.4,0.6,759.606
Polymers,Reference,2032,1266.01,0.0,1266.01,0.4,0.6,759.606
Polymers,Reference,2033,1266.01,0.0,1266.01,0.4,0.6,759.606
Polymers,Reference,2034,1266.01,0.0,1266.01,0.4,0.6,759.606
Polymers,Reference,2035,1266.01,0.0,1266.01,0.4,0.6,759.606
Polymers,Reference,2036,1266.01,0.0,1266.01,0.4,0.6,759.606
Polymers,Reference,2037,1266.01,0.0,1266.01,0.4,0.6,759.606
Polymers,Reference,2038,1266.01,0.0,1266.01,0.4,0.6,759.606
Polymers,Reference,2039,1266.01,0.0,1266.01,0.4,0.6,759.606
Polymers,Reference,2040,1266.01,0.0,1266.01,0.4,0.6,759.606
Polymers,Reference,2041,1266.01,0.0,1266.01,0.4,0.6,759.606
Polymers,Reference,2042,1266.01,0.0,1266.01,0.4,0.6,759.606
Polymers,Reference,2043,1266.01,0.0,1266.01,0.4,0.6,759.606
Polymers,Reference,2044,1266.01,0.0,1266.01,0.4,0.6,759.606
Polymers,Reference,2045,1266.01,0.0,1266.01,0.4,0.6,759.606
Polymers,Reference,2046,1266.01,0.0,1266.01,0.4,0.6,759.606
Polymers,Reference,2047,1266.01,0.0,1266.01,0.4,0.6,759.606
Polymers,Reference,2048,1266.01,0.0,1266.01,0.4,0.6,759.606
Polymers,Reference,2049,1266.01,0.0,1266.01,0.4,0.6,759.606
Polymers,Reference,2050,1266.01,0.0,1266.01,0.4,0.6,759.606
Polymers,Reference,2051,1266.01,0.0,1266.01,0.4,0.6,759.606
Polymers,Reference,2052,1266.01,0.0,1266.01,0.4,0.6,759.606
Polymers,Reference,2053,1266.01,0.0,1266.01,0.4,0.6,759.606
Polymers,Reference,2054,1266.01,0.0,1266.01,0.4,0.6,759.606
Polymers,Reference,2055,1266.01,0.0,1266.01,0.4,0.6,759.606
Polymers,Reference,2056,1266.01,0.0,1266.01,0.4,0.6,759.606
Polymers,Reference,2057,1266.01,0.0,1266.01,0.4,0.6,759.606
Polymers,Reference,2058,1266.01,0.0,1266.01,0.4,0.6,759.606
Polymers,Reference,2059,1266.01,0.0,1266.01,0.4,0.6,759.606
Polymers,Reference,2060,1266.01,0.0,1266.01,0.4,0.6,759.606
Polymers,Reference,2061,1266.01,0.0,1266.01,0.4,0.6,759.606
Polymers,Reference,2062,1266.01,0.0,1266.01,0.4,0.6,759.606
Polymers,Reference,2063,1266.01,0.0,1266.01,0.4,0.6,759.606
Polymers,Reference,2064,1266.01,0.0,1266.01,0.4,0.6,759.606
Polymers,Reference,2065,1266.01,0.0,1266.01,0.4,0.6,759.606
Polymers,Reference,2066,1266.01,0.0,1266.01,0.4,0.6,759.606
Polymers,Reference,2067,1266.01,0.0,1266.01,0.4,0.6,759.606
Polymers,Reference,2068,1266.01,0.0,1266.01,0.4,0.6,759.606
Polymers,Reference,2069,1266.01,0.0,1266.01,0.4,0.6,759.606
Polymers,Reference,2070,1266.01,0.0,1266.01,0.4,0.6,759.606
Polymers,Reference,2071,1266.01,0.0,1266.01,0.4,0.6,759.606
Polymers,Reference,2072,1266.01,0.0,1266.01,0.4,0.6,759.606
Polymers,Reference,2073,1266.01,0.0,1266.01,0.4,0.6,759.606
Polymers,Reference,2074,1266.01,0.0,1266.01,0.4,0.6,759.606
Polymers,Reference,2075,1266.01,0.0,1266.01,0.4,0.6,759.606
Polymers,Upside,2026,1266.01,0.0,1266.01,0.4,0.6,759.606
Polymers,Upside,2027,1266.01,0.02,1291.3302,0.4,0.6,774.79812
Polymers,Upside,2028,1266.01,0.02,1317.1568040000002,0.4,0.6,790.2940824000001
Polymers,Upside,2029,1266.01,0.02,1343.4999400800002,0.4,0.6,806.0999640480001
Polymers,Upside,2030,1266.01,0.02,1370.3699388816003,0.4,0.6,822.2219633289602
Polymers,Upside,2031,1266.01,0.02,1397.7773376592324,0.4,0.6,838.6664025955395
Polymers,Upside,2032,1266.01,0.02,1425.7328844124172,0.4,0.6,855.4397306474503
Polymers,Upside,2033,1266.01,0.02,1454.2475421006657,0.4,0.6,872.5485252603994
Polymers,Upside,2034,1266.01,0.02,1483.332492942679,0.4,0.6,889.9994957656073
Polymers,Upside,2035,1266.01,0.02,1512.9991428015326,0.4,0.6,907.7994856809195
Polymers,Upside,2036,1266.01,0.0,1512.9991428015326,0.4,0.6,907.7994856809195
Polymers,Upside,2037,1266.01,0.0,1512.9991428015326,0.4,0.6,907.7994856809195
Polymers,Upside,2038,1266.01,0.0,1512.9991428015326,0.4,0.6,907.7994856809195
Polymers,Upside,2039,1266.01,0.0,1512.9991428015326,0.4,0.6,907.7994856809195
Polymers,Upside,2040,1266.01,0.0,1512.9991428015326,0.4,0.6,907.7994856809195
Polymers,Upside,2041,1266.01,0.0,1512.9991428015326,0.4,0.6,907.7994856809195
Polymers,Upside,2042,1266.01,0.0,1512.9991428015326,0.4,0.6,907.7994856809195
Polymers,Upside,2043,1266.01,0.0,1512.9991428015326,0.4,0.6,907.7994856809195
Polymers,Upside,2044,1266.01,0.0,1512.9991428015326,0.4,0.6,907.7994856809195
Polymers,Upside,2045,1266.01,0.0,1512.9991428015326,0.4,0.6,907.7994856809195
Polymers,Upside,2046,1266.01,0.0,1512.9991428015326,0.4,0.6,907.7994856809195
Polymers,Upside,2047,1266.01,0.0,1512.9991428015326,0.4,0.6,907.7994856809195
Polymers,Upside,2048,1266.01,0.0,1512.9991428015326,0.4,0.6,907.7994856809195
Polymers,Upside,2049,1266.01,0.0,1512.9991428015326,0.4,0.6,907.7994856809195
Polymers,Upside,2050,1266.01,0.0,1512.9991428015326,0.4,0.6,907.7994856809195
Polymers,Upside,2051,1266.01,0.0,1512.9991428015326,0.4,0.6,907.7994856809195
Polymers,Upside,2052,1266.01,0.0,1512.9991428015326,0.4,0.6,907.7994856809195
Polymers,Upside,2053,1266.01,0.0,1512.9991428015326,0.4,0.6,907.7994856809195
Polymers,Upside,2054,1266.01,0.0,1512.9991428015326,0.4,0.6,907.7994856809195
Polymers,Upside,2055,1266.01,0.0,1512.9991428015326,0.4,0.6,907.7994856809195
Polymers,Upside,2056,1266.01,0.0,1512.9991428015326,0.4,0.6,907.7994856809195
Polymers,Upside,2057,1266.01,0.0,1512.9991428015326,0.4,0.6,907.7994856809195
Polymers,Upside,2058,1266.01,0.0,1512.9991428015326,0.4,0.6,907.7994856809195
Polymers,Upside,2059,1266.01,0.0,1512.9991428015326,0.4,0.6,907.7994856809195
Polymers,Upside,2060,1266.01,0.0,1512.9991428015326,0.4,0.6,907.7994856809195
Polymers,Upside,2061,1266.01,0.0,1512.9991428015326,0.4,0.6,907.7994856809195
Polymers,Upside,2062,1266.01,0.0,1512.9991428015326,0.4,0.6,907.7994856809195
Polymers,Upside,2063,1266.01,0.0,1512.9991428015326,0.4,0.6,907.7994856809195
Polymers,Upside,2064,1266.01,0.0,1512.9991428015326,0.4,0.6,907.7994856809195
Polymers,Upside,2065,1266.01,0.0,1512.9991428015326,0.4,0.6,907.7994856809195
Polymers,Upside,2066,1266.01,0.0,1512.9991428015326,0.4,0.6,907.7994856809195
Polymers,Upside,2067,1266.01,0.0,1512.9991428015326,0.4,0.6,907.7994856809195
Polymers,Upside,2068,1266.01,0.0,1512.9991428015326,0.4,0.6,907.7994856809195
Polymers,Upside,2069,1266.01,0.0,1512.9991428015326,0.4,0.6,907.7994856809195
Polymers,Upside,2070,1266.01,0.0,1512.9991428015326,0.4,0.6,907.7994856809195
Polymers,Upside,2071,1266.01,0.0,1512.9991428015326,0.4,0.6,907.7994856809195
Polymers,Upside,2072,1266.01,0.0,1512.9991428015326,0.4,0.6,907.7994856809195
Polymers,Upside,2073,1266.01,0.0,1512.9991428015326,0.4,0.6,907.7994856809195
Polymers,Upside,2074,1266.01,0.0,1512.9991428015326,0.4,0.6,907.7994856809195
Polymers,Upside,2075,1266.01,0.0,1512.9991428015326,0.4,0.6,907.7994856809195
Silicon,Downside,2026,2866.01,0.0,2866.01,0.25,0.75,2149.5075
Silicon,Downside,2027,2866.01,-0.02,2808.6898,0.25,0.75,2106.51735
Silicon,Downside,2028,2866.01,-0.02,2752.516004,0.25,0.75,2064.387003
Silicon,Downside,2029,2866.01,-0.02,2697.46568392,0.25,0.75,2023.0992629400002
Silicon,Downside,2030,2866.01,-0.02,2643.5163702416003,0.25,0.75,1982.6372776812002
Silicon,Downside,2031,2866.01,-0.02,2590.646042836768,0.25,0.75,1942.9845321275761
Silicon,Downside,2032,2866.01,-0.02,2538.833121980033,0.25,0.75,1904.1248414850247
Silicon,Downside,2033,2866.01,-0.02,2488.056459540432,0.25,0.75,1866.042344655324
Silicon,Downside,2034,2866.01,-0.02,2438.2953303496233,0.25,0.75,1828.7214977622175
Silicon,Downside,2035,2866.01,-0.02,2389.529423742631,0.25,0.75,1792.1470678069732
Silicon,Downside,2036,2866.01,0.0,2389.529423742631,0.25,0.75,1792.1470678069732
Silicon,Downside,2037,2866.01,0.0,2389.529423742631,0.25,0.75,1792.1470678069732
Silicon,Downside,2038,2866.01,0.0,2389.529423742631,0.25,0.75,1792.1470678069732
Silicon,Downside,2039,2866.01,0.0,2389.529423742631,0.25,0.75,1792.1470678069732
Silicon,Downside,2040,2866.01,0.0,2389.529423742631,0.25,0.75,1792.1470678069732
Silicon,Downside,2041,2866.01,0.0,2389.529423742631,0.25,0.75,1792.1470678069732
Silicon,Downside,2042,2866.01,0.0,2389.529423742631,0.25,0.75,1792.1470678069732
Silicon,Downside,2043,2866.01,0.0,2389.529423742631,0.25,0.75,1792.1470678069732
Silicon,Downside,2044,2866.01,0.0,2389.529423742631,0.25,0.75,1792.1470678069732
Silicon,Downside,2045,2866.01,0.0,2389.529423742631,0.25,0.75,1792.1470678069732
Silicon,Downside,2046,2866.01,0.0,2389.529423742631,0.25,0.75,1792.1470678069732
Silicon,Downside,2047,2866.01,0.0,2389.529423742631,0.25,0.75,1792.1470678069732
Silicon,Downside,2048,2866.01,0.0,2389.529423742631,0.25,0.75,1792.1470678069732
Silicon,Downside,2049,2866.01,0.0,2389.529423742631,0.25,0.75,1792.1470678069732
Silicon,Downside,2050,2866.01,0.0,2389.529423742631,0.25,0.75,1792.1470678069732
Silicon,Downside,2051,2866.01,0.0,2389.529423742631,0.25,0.75,1792.1470678069732
Silicon,Downside,2052,2866.01,0.0,2389.529423742631,0.25,0.75,1792.1470678069732
Silicon,Downside,2053,2866.01,0.0,2389.529423742631,0.25,0.75,1792.1470678069732
Silicon,Downside,2054,2866.01,0.0,2389.529423742631,0.25,0.75,1792.1470678069732
Silicon,Downside,2055,2866.01,0.0,2389.529423742631,0.25,0.75,1792.1470678069732
Silicon,Downside,2056,2866.01,0.0,2389.529423742631,0.25,0.75,1792.1470678069732
Silicon,Downside,2057,2866.01,0.0,2389.529423742631,0.25,0.75,1792.1470678069732
Silicon,Downside,2058,2866.01,0.0,2389.529423742631,0.25,0.75,1792.1470678069732
Silicon,Downside,2059,2866.01,0.0,2389.529423742631,0.25,0.75,1792.1470678069732
Silicon,Downside,2060,2866.01,0.0,2389.529423742631,0.25,0.75,1792.1470678069732
Silicon,Downside,2061,2866.01,0.0,2389.529423742631,0.25,0.75,1792.1470678069732
Silicon,Downside,2062,2866.01,0.0,2389.529423742631,0.25,0.75,1792.1470678069732
Silicon,Downside,2063,2866.01,0.0,2389.529423742631,0.25,0.75,1792.1470678069732
Silicon,Downside,2064,2866.01,0.0,2389.529423742631,0.25,0.75,1792.1470678069732
Silicon,Downside,2065,2866.01,0.0,2389.529423742631,0.25,0.75,1792.1470678069732
Silicon,Downside,2066,2866.01,0.0,2389.529423742631,0.25,0.75,1792.1470678069732
Silicon,Downside,2067,2866.01,0.0,2389.529423742631,0.25,0.75,1792.1470678069732
Silicon,Downside,2068,2866.01,0.0,2389.529423742631,0.25,0.75,1792.1470678069732
Silicon,Downside,2069,2866.01,0.0,2389.529423742631,0.25,0.75,1792.1470678069732
Silicon,Downside,2070,2866.01,0.0,2389.529423742631,0.25,0.75,1792.1470678069732
Silicon,Downside,2071,2866.01,0.0,2389.529423742631,0.25,0.75,1792.1470678069732
Silicon,Downside,2072,2866.01,0.0,2389.529423742631,0.25,0.75,1792.1470678069732
Silicon,Downside,2073,2866.01,0.0,2389.529423742631,0.25,0.75,1792.1470678069732
Silicon,Downside,2074,2866.01,0.0,2389.529423742631,0.25,0.75,1792.1470678069732
Silicon,Downside,2075,2866.01,0.0,2389.529423742631,0.25,0.75,1792.1470678069732
Silicon,Reference,2026,2866.01,0.0,2866.01,0.25,0.75,2149.5075
Silicon,Reference,2027,2866.01,0.0,2866.01,0.25,0.75,2149.5075
Silicon,Reference,2028,2866.01,0.0,2866.01,0.25,0.75,2149.5075
Silicon,Reference,2029,2866.01,0.0,2866.01,0.25,0.75,2149.5075
Silicon,Reference,2030,2866.01,0.0,2866.01,0.25,0.75,2149.5075
Silicon,Reference,2031,2866.01,0.0,2866.01,0.25,0.75,2149.5075
Silicon,Reference,2032,2866.01,0.0,2866.01,0.25,0.75,2149.5075
Silicon,Reference,2033,2866.01,0.0,2866.01,0.25,0.75,2149.5075
Silicon,Reference,2034,2866.01,0.0,2866.01,0.25,0.75,2149.5075
Silicon,Reference,2035,2866.01,0.0,2866.01,0.25,0.75,2149.5075
Silicon,Reference,2036,2866.01,0.0,2866.01,0.25,0.75,2149.5075
Silicon,Reference,2037,2866.01,0.0,2866.01,0.25,0.75,2149.5075
Silicon,Reference,2038,2866.01,0.0,2866.01,0.25,0.75,2149.5075
Silicon,Reference,2039,2866.01,0.0,2866.01,0.25,0.75,2149.5075
Silicon,Reference,2040,2866.01,0.0,2866.01,0.25,0.75,2149.5075
Silicon,Reference,2041,2866.01,0.0,2866.01,0.25,0.75,2149.5075
Silicon,Reference,2042,2866.01,0.0,2866.01,0.25,0.75,2149.5075
Silicon,Reference,2043,2866.01,0.0,2866.01,0.25,0.75,2149.5075
Silicon,Reference,2044,2866.01,0.0,2866.01,0.25,0.75,2149.5075
Silicon,Reference,2045,2866.01,0.0,2866.01,0.25,0.75,2149.5075
Silicon,Reference,2046,2866.01,0.0,2866.01,0.25,0.75,2149.5075
Silicon,Reference,2047,2866.01,0.0,2866.01,0.25,0.75,2149.5075
Silicon,Reference,2048,2866.01,0.0,2866.01,0.25,0.75,2149.5075
Silicon,Reference,2049,2866.01,0.0,2866.01,0.25,0.75,2149.5075
Silicon,Reference,2050,2866.01,0.0,2866.01,0.25,0.75,2149.5075
Silicon,Reference,2051,2866.01,0.0,2866.01,0.25,0.75,2149.5075
Silicon,Reference,2052,2866.01,0.0,2866.01,0.25,0.75,2149.5075
Silicon,Reference,2053,2866.01,0.0,2866.01,0.25,0.75,2149.5075
Silicon,Reference,2054,2866.01,0.0,2866.01,0.25,0.75,2149.5075
Silicon,Reference,2055,2866.01,0.0,2866.01,0.25,0.75,2149.5075
Silicon,Reference,2056,2866.01,0.0,2866.01,0.25,0.75,2149.5075
Silicon,Reference,2057,2866.01,0.0,2866.01,0.25,0.75,2149.5075
Silicon,Reference,2058,2866.01,0.0,2866.01,0.25,0.75,2149.5075
Silicon,Reference,2059,2866.01,0.0,2866.01,0.25,0.75,2149.5075
Silicon,Reference,2060,2866.01,0.0,2866.01,0.25,0.75,2149.5075
Silicon,Reference,2061,2866.01,0.0,2866.01,0.25,0.75,2149.5075
Silicon,Reference,2062,2866.01,0.0,2866.01,0.25,0.75,2149.5075
Silicon,Reference,2063,2866.01,0.0,2866.01,0.25,0.75,2149.5075
Silicon,Reference,2064,2866.01,0.0,2866.01,0.25,0.75,2149.5075
Silicon,Reference,2065,2866.01,0.0,2866.01,0.25,0.75,2149.5075
Silicon,Reference,2066,2866.01,0.0,2866.01,0.25,0.75,2149.5075
Silicon,Reference,2067,2866.01,0.0,2866.01,0.25,0.75,2149.5075
Silicon,Reference,2068,2866.01,0.0,2866.01,0.25,0.75,2149.5075
Silicon,Reference,2069,2866.01,0.0,2866.01,0.25,0.75,2149.5075
Silicon,Reference,2070,2866.01,0.0,2866.01,0.25,0.75,2149.5075
Silicon,Reference,2071,2866.01,0.0,2866.01,0.25,0.75,2149.5075
Silicon,Reference,2072,2866.01,0.0,2866.01,0.25,0.75,2149.5075
Silicon,Reference,2073,2866.01,0.0,2866.01,0.25,0.75,2149.5075
Silicon,Reference,2074,2866.01,0.0,2866.01,0.25,0.75,2149.5075
Silicon,Reference,2075,2866.01,0.0,2866.01,0.25,0.75,2149.5075
Silicon,Upside,2026,2866.01,0.0,2866.01,0.25,0.75,2149.5075
Silicon,Upside,2027,2866.01,0.02,2923.3302000000003,0.25,0.75,2192.4976500000002
Silicon,Upside,2028,2866.01,0.02,2981.7968040000005,0.25,0.75,2236.347603
Silicon,Upside,2029,2866.01,0.02,3041.4327400800007,0.25,0.75,2281.0745550600004
Silicon,Upside,2030,2866.01,0.02,3102.2613948816006,0.25,0.75,2326.6960461612007
Silicon,Upside,2031,2866.01,0.02,3164.306622779233,0.25,0.75,2373.2299670844245
Silicon,Upside,2032,2866.01,0.02,3227.5927552348176,0.25,0.75,2420.694566426113
Silicon,Upside,2033,2866.01,0.02,3292.1446103395137,0.25,0.75,2469.1084577546353
Silicon,Upside,2034,2866.01,0.02,3357.987502546304,0.25,0.75,2518.490626909728
Silicon,Upside,2035,2866.01,0.02,3425.14725259723,0.25,0.75,2568.8604394479225
Silicon,Upside,2036,2866.01,0.0,3425.14725259723,0.25,0.75,2568.8604394479225
Silicon,Upside,2037,2866.01,0.0,3425.14725259723,0.25,0.75,2568.8604394479225
Silicon,Upside,2038,2866.01,0.0,3425.14725259723,0.25,0.75,2568.8604394479225
Silicon,Upside,2039,2866.01,0.0,3425.14725259723,0.25,0.75,2568.8604394479225
Silicon,Upside,2040,2866.01,0.0,3425.14725259723,0.25,0.75,2568.8604394479225
Silicon,Upside,2041,2866.01,0.0,3425.14725259723,0.25,0.75,2568.8604394479225
Silicon,Upside,2042,2866.01,0.0,3425.14725259723,0.25,0.75,2568.8604394479225
Silicon,Upside,2043,2866.01,0.0,3425.14725259723,0.25,0.75,2568.8604394479225
Silicon,Upside,2044,2866.01,0.0,3425.14725259723,0.25,0.75,2568.8604394479225
Silicon,Upside,2045,2866.01,0.0,3425.14725259723,0.25,0.75,2568.8604394479225
Silicon,Upside,2046,2866.01,0.0,3425.14725259723,0.25,0.75,2568.8604394479225
Silicon,Upside,2047,2866.01,0.0,3425.14725259723,0.25,0.75,2568.8604394479225
Silicon,Upside,2048,2866.01,0.0,3425.14725259723,0.25,0.75,2568.8604394479225
Silicon,Upside,2049,2866.01,0.0,3425.14725259723,0.25,0.75,2568.8604394479225
Silicon,Upside,2050,2866.01,0.0,3425.14725259723,0.25,0.75,2568.8604394479225
Silicon,Upside,2051,2866.01,0.0,3425.14725259723,0.25,0.75,2568.8604394479225
Silicon,Upside,2052,2866.01,0.0,3425.14725259723,0.25,0.75,2568.8604394479225
Silicon,Upside,2053,2866.01,0.0,3425.14725259723,0.25,0.75,2568.8604394479225
Silicon,Upside,2054,2866.01,0.0,3425.14725259723,0.25,0.75,2568.8604394479225
Silicon,Upside,2055,2866.01,0.0,3425.14725259723,0.25,0.75,2568.8604394479225
Silicon,Upside,2056,2866.01,0.0,3425.14725259723,0.25,0.75,2568.8604394479225
Silicon,Upside,2057,2866.01,0.0,3425.14725259723,0.25,0.75,2568.8604394479225
Silicon,Upside,2058,2866.01,0.0,3425.14725259723,0.25,0.75,2568.8604394479225
Silicon,Upside,2059,2866.01,0.0,3425.14725259723,0.25,0.75,2568.8604394479225
Silicon,Upside,2060,2866.01,0.0,3425.14725259723,0.25,0.75,2568.8604394479225
Silicon,Upside,2061,2866.01,0.0,3425.14725259723,0.25,0.75,2568.8604394479225
Silicon,Upside,2062,2866.01,0.0,3425.14725259723,0.25,0.75,2568.8604394479225
Silicon,Upside,2063,2866.01,0.0,3425.14725259723,0.25,0.75,2568.8604394479225
Silicon,Upside,2064,2866.01,0.0,3425.14725259723,0.25,0.75,2568.8604394479225
Silicon,Upside,2065,2866.01,0.0,3425.14725259723,0.25,0.75,2568.8604394479225
Silicon,Upside,2066,2866.01,0.0,3425.14725259723,0.25,0.75,2568.8604394479225
Silicon,Upside,2067,2866.01,0.0,3425.14725259723,0.25,0.75,2568.8604394479225
Silicon,Upside,2068,2866.01,0.0,3425.14725259723,0.25,0.75,2568.8604394479225
Silicon,Upside,2069,2866.01,0.0,3425.14725259723,0.25,0.75,2568.8604394479225
Silicon,Upside,2070,2866.01,0.0,3425.14725259723,0.25,0.75,2568.8604394479225
Silicon,Upside,2071,2866.01,0.0,3425.14725259723,0.25,0.75,2568.8604394479225
Silicon,Upside,2072,2866.01,0.0,3425.14725259723,0.25,0.75,2568.8604394479225
Silicon,Upside,2073,2866.01,0.0,3425.14725259723,0.25,0.75,2568.8604394479225
Silicon,Upside,2074,2866.01,0.0,3425.14725259723,0.25,0.75,2568.8604394479225
Silicon,Upside,2075,2866.01,0.0,3425.14725259723,0.25,0.75,2568.8604394479225
Silver,Downside,2026,1826226.71,0.0,1826226.71,0.05,0.95,1734915.3745
Silver,Downside,2027,1826226.71,-0.03,1771439.9087,0.05,0.95,1682867.9132649999
Silver,Downside,2028,1826226.71,-0.03,1718296.711439,0.05,0.95,1632381.87586705
Silver,Downside,2029,1826226.71,-0.03,1666747.81009583,0.05,0.95,1583410.4195910383
Silver,Downside,2030,1826226.71,-0.03,1616745.375792955,0.05,0.95,1535908.1070033072
Silver,Downside,2031,1826226.71,-0.03,1568243.0145191664,0.05,0.95,1489830.863793208
Silver,Downside,2032,1826226.71,-0.03,1521195.7240835915,0.05,0.95,1445135.9378794117
Silver,Downside,2033,1826226.71,-0.03,1475559.8523610837,0.05,0.95,1401781.8597430296
Silver,Downside,2034,1826226.71,-0.03,1431293.0567902513,0.05,0.95,1359728.4039507387
Silver,Downside,2035,1826226.71,-0.03,1388354.2650865437,0.05,0.95,1318936.5518322166
Silver,Downside,2036,1826226.71,0.0,1388354.2650865437,0.05,0.95,1318936.5518322166
Silver,Downside,2037,1826226.71,0.0,1388354.2650865437,0.05,0.95,1318936.5518322166
Silver,Downside,2038,1826226.71,0.0,1388354.2650865437,0.05,0.95,1318936.5518322166
Silver,Downside,2039,1826226.71,0.0,1388354.2650865437,0.05,0.95,1318936.5518322166
Silver,Downside,2040,1826226.71,0.0,1388354.2650865437,0.05,0.95,1318936.5518322166
Silver,Downside,2041,1826226.71,0.0,1388354.2650865437,0.05,0.95,1318936.5518322166
Silver,Downside,2042,1826226.71,0.0,1388354.2650865437,0.05,0.95,1318936.5518322166
Silver,Downside,2043,1826226.71,0.0,1388354.2650865437,0.05,0.95,1318936.5518322166
Silver,Downside,2044,1826226.71,0.0,1388354.2650865437,0.05,0.95,1318936.5518322166
Silver,Downside,2045,1826226.71,0.0,1388354.2650865437,0.05,0.95,1318936.5518322166
Silver,Downside,2046,1826226.71,0.0,1388354.2650865437,0.05,0.95,1318936.5518322166
Silver,Downside,2047,1826226.71,0.0,1388354.2650865437,0.05,0.95,1318936.5518322166
Silver,Downside,2048,1826226.71,0.0,1388354.2650865437,0.05,0.95,1318936.5518322166
Silver,Downside,2049,1826226.71,0.0,1388354.2650865437,0.05,0.95,1318936.5518322166
Silver,Downside,2050,1826226.71,0.0,1388354.2650865437,0.05,0.95,1318936.5518322166
Silver,Downside,2051,1826226.71,0.0,1388354.2650865437,0.05,0.95,1318936.5518322166
Silver,Downside,2052,1826226.71,0.0,1388354.2650865437,0.05,0.95,1318936.5518322166
Silver,Downside,2053,1826226.71,0.0,1388354.2650865437,0.05,0.95,1318936.5518322166
Silver,Downside,2054,1826226.71,0.0,1388354.2650865437,0.05,0.95,1318936.5518322166
Silver,Downside,2055,1826226.71,0.0,1388354.2650865437,0.05,0.95,1318936.5518322166
Silver,Downside,2056,1826226.71,0.0,1388354.2650865437,0.05,0.95,1318936.5518322166
Silver,Downside,2057,1826226.71,0.0,1388354.2650865437,0.05,0.95,1318936.5518322166
Silver,Downside,2058,1826226.71,0.0,1388354.2650865437,0.05,0.95,1318936.5518322166
Silver,Downside,2059,1826226.71,0.0,1388354.2650865437,0.05,0.95,1318936.5518322166
Silver,Downside,2060,1826226.71,0.0,1388354.2650865437,0.05,0.95,1318936.5518322166
Silver,Downside,2061,1826226.71,0.0,1388354.2650865437,0.05,0.95,1318936.5518322166
Silver,Downside,2062,1826226.71,0.0,1388354.2650865437,0.05,0.95,1318936.5518322166
Silver,Downside,2063,1826226.71,0.0,1388354.2650865437,0.05,0.95,1318936.5518322166
Silver,Downside,2064,1826226.71,0.0,1388354.2650865437,0.05,0.95,1318936.5518322166
Silver,Downside,2065,1826226.71,0.0,1388354.2650865437,0.05,0.95,1318936.5518322166
Silver,Downside,2066,1826226.71,0.0,1388354.2650865437,0.05,0.95,1318936.5518322166
Silver,Downside,2067,1826226.71,0.0,1388354.2650865437,0.05,0.95,1318936.5518322166
Silver,Downside,2068,1826226.71,0.0,1388354.2650865437,0.05,0.95,1318936.5518322166
Silver,Downside,2069,1826226.71,0.0,1388354.2650865437,0.05,0.95,1318936.5518322166
Silver,Downside,2070,1826226.71,0.0,1388354.2650865437,0.05,0.95,1318936.5518322166
Silver,Downside,2071,1826226.71,0.0,1388354.2650865437,0.05,0.95,1318936.5518322166
Silver,Downside,2072,1826226.71,0.0,1388354.2650865437,0.05,0.95,1318936.5518322166
Silver,Downside,2073,1826226.71,0.0,1388354.2650865437,0.05,0.95,1318936.5518322166
Silver,Downside,2074,1826226.71,0.0,1388354.2650865437,0.05,0.95,1318936.5518322166
Silver,Downside,2075,1826226.71,0.0,1388354.2650865437,0.05,0.95,1318936.5518322166
Silver,Reference,2026,1826226.71,0.0,1826226.71,0.05,0.95,1734915.3745
Silver,Reference,2027,1826226.71,0.0,1826226.71,0.05,0.95,1734915.3745
Silver,Reference,2028,1826226.71,0.0,1826226.71,0.05,0.95,1734915.3745
Silver,Reference,2029,1826226.71,0.0,1826226.71,0.05,0.95,1734915.3745
Silver,Reference,2030,1826226.71,0.0,1826226.71,0.05,0.95,1734915.3745
Silver,Reference,2031,1826226.71,0.0,1826226.71,0.05,0.95,1734915.3745
Silver,Reference,2032,1826226.71,0.0,1826226.71,0.05,0.95,1734915.3745
Silver,Reference,2033,1826226.71,0.0,1826226.71,0.05,0.95,1734915.3745
Silver,Reference,2034,1826226.71,0.0,1826226.71,0.05,0.95,1734915.3745
Silver,Reference,2035,1826226.71,0.0,1826226.71,0.05,0.95,1734915.3745
Silver,Reference,2036,1826226.71,0.0,1826226.71,0.05,0.95,1734915.3745
Silver,Reference,2037,1826226.71,0.0,1826226.71,0.05,0.95,1734915.3745
Silver,Reference,2038,1826226.71,0.0,1826226.71,0.05,0.95,1734915.3745
Silver,Reference,2039,1826226.71,0.0,1826226.71,0.05,0.95,1734915.3745
Silver,Reference,2040,1826226.71,0.0,1826226.71,0.05,0.95,1734915.3745
Silver,Reference,2041,1826226.71,0.0,1826226.71,0.05,0.95,1734915.3745
Silver,Reference,2042,1826226.71,0.0,1826226.71,0.05,0.95,1734915.3745
Silver,Reference,2043,1826226.71,0.0,1826226.71,0.05,0.95,1734915.3745
Silver,Reference,2044,1826226.71,0.0,1826226.71,0.05,0.95,1734915.3745
Silver,Reference,2045,1826226.71,0.0,1826226.71,0.05,0.95,1734915.3745
Silver,Reference,2046,1826226.71,0.0,1826226.71,0.05,0.95,1734915.3745
Silver,Reference,2047,1826226.71,0.0,1826226.71,0.05,0.95,1734915.3745
Silver,Reference,2048,1826226.71,0.0,1826226.71,0.05,0.95,1734915.3745
Silver,Reference,2049,1826226.71,0.0,1826226.71,0.05,0.95,1734915.3745
Silver,Reference,2050,1826226.71,0.0,1826226.71,0.05,0.95,1734915.3745
Silver,Reference,2051,1826226.71,0.0,1826226.71,0.05,0.95,1734915.3745
Silver,Reference,2052,1826226.71,0.0,1826226.71,0.05,0.95,1734915.3745
Silver,Reference,2053,1826226.71,0.0,1826226.71,0.05,0.95,1734915.3745
Silver,Reference,2054,1826226.71,0.0,1826226.71,0.05,0.95,1734915.3745
Silver,Reference,2055,1826226.71,0.0,1826226.71,0.05,0.95,1734915.3745
Silver,Reference,2056,1826226.71,0.0,1826226.71,0.05,0.95,1734915.3745
Silver,Reference,2057,1826226.71,0.0,1826226.71,0.05,0.95,1734915.3745
Silver,Reference,2058,1826226.71,0.0,1826226.71,0.05,0.95,1734915.3745
Silver,Reference,2059,1826226.71,0.0,1826226.71,0.05,0.95,1734915.3745
Silver,Reference,2060,1826226.71,0.0,1826226.71,0.05,0.95,1734915.3745
Silver,Reference,2061,1826226.71,0.0,1826226.71,0.05,0.95,1734915.3745
Silver,Reference,2062,1826226.71,0.0,1826226.71,0.05,0.95,1734915.3745
Silver,Reference,2063,1826226.71,0.0,1826226.71,0.05,0.95,1734915.3745
Silver,Reference,2064,1826226.71,0.0,1826226.71,0.05,0.95,1734915.3745
Silver,Reference,2065,1826226.71,0.0,1826226.71,0.05,0.95,1734915.3745
Silver,Reference,2066,1826226.71,0.0,1826226.71,0.05,0.95,1734915.3745
Silver,Reference,2067,1826226.71,0.0,1826226.71,0.05,0.95,1734915.3745
Silver,Reference,2068,1826226.71,0.0,1826226.71,0.05,0.95,1734915.3745
Silver,Reference,2069,1826226.71,0.0,1826226.71,0.05,0.95,1734915.3745
Silver,Reference,2070,1826226.71,0.0,1826226.71,0.05,0.95,1734915.3745
Silver,Reference,2071,1826226.71,0.0,1826226.71,0.05,0.95,1734915.3745
Silver,Reference,2072,1826226.71,0.0,1826226.71,0.05,0.95,1734915.3745
Silver,Reference,2073,1826226.71,0.0,1826226.71,0.05,0.95,1734915.3745
Silver,Reference,2074,1826226.71,0.0,1826226.71,0.05,0.95,1734915.3745
Silver,Reference,2075,1826226.71,0.0,1826226.71,0.05,0.95,1734915.3745
Silver,Upside,2026,1826226.71,0.0,1826226.71,0.05,0.95,1734915.3745
Silver,Upside,2027,1826226.71,0.03,1881013.5113,0.05,0.95,1786962.8357349997
Silver,Upside,2028,1826226.71,0.03,1937443.916639,0.05,0.95,1840571.72080705
Silver,Upside,2029,1826226.71,0.03,1995567.23413817,0.05,0.95,1895788.8724312615
Silver,Upside,2030,1826226.71,0.03,2055434.2511623153,0.05,0.95,1952662.5386041994
Silver,Upside,2031,1826226.71,0.03,2117097.2786971848,0.05,0.95,2011242.4147623254
Silver,Upside,2032,1826226.71,0.03,2180610.1970581003,0.05,0.95,2071579.6872051952
Silver,Upside,2033,1826226.71,0.03,2246028.5029698433,0.05,0.95,2133727.077821351
Silver,Upside,2034,1826226.71,0.03,2313409.3580589388,0.05,0.95,2197738.8901559915
Silver,Upside,2035,1826226.71,0.03,2382811.638800707,0.05,0.95,2263671.056860672
Silver,Upside,2036,1826226.71,0.0,2382811.638800707,0.05,0.95,2263671.056860672
Silver,Upside,2037,1826226.71,0.0,2382811.638800707,0.05,0.95,2263671.056860672
Silver,Upside,2038,1826226.71,0.0,2382811.638800707,0.05,0.95,2263671.056860672
Silver,Upside,2039,1826226.71,0.0,2382811.638800707,0.05,0.95,2263671.056860672
Silver,Upside,2040,1826226.71,0.0,2382811.638800707,0.05,0.95,2263671.056860672
Silver,Upside,2041,1826226.71,0.0,2382811.638800707,0.05,0.95,2263671.056860672
Silver,Upside,2042,1826226.71,0.0,2382811.638800707,0.05,0.95,2263671.056860672
Silver,Upside,2043,1826226.71,0.0,2382811.638800707,0.05,0.95,2263671.056860672
Silver,Upside,2044,1826226.71,0.0,2382811.638800707,0.05,0.95,2263671.056860672
Silver,Upside,2045,1826226.71,0.0,2382811.638800707,0.05,0.95,2263671.056860672
Silver,Upside,2046,1826226.71,0.0,2382811.638800707,0.05,0.95,2263671.056860672
Silver,Upside,2047,1826226.71,0.0,2382811.638800707,0.05,0.95,2263671.056860672
Silver,Upside,2048,1826226.71,0.0,2382811.638800707,0.05,0.95,2263671.056860672
Silver,Upside,2049,1826226.71,0.0,2382811.638800707,0.05,0.95,2263671.056860672
Silver,Upside,2050,1826226.71,0.0,2382811.638800707,0.05,0.95,2263671.056860672
Silver,Upside,2051,1826226.71,0.0,2382811.638800707,0.05,0.95,2263671.056860672
Silver,Upside,2052,1826226.71,0.0,2382811.638800707,0.05,0.95,2263671.056860672
Silver,Upside,2053,1826226.71,0.0,2382811.638800707,0.05,0.95,2263671.056860672
Silver,Upside,2054,1826226.71,0.0,2382811.638800707,0.05,0.95,2263671.056860672
Silver,Upside,2055,1826226.71,0.0,2382811.638800707,0.05,0.95,2263671.056860672
Silver,Upside,2056,1826226.71,0.0,2382811.638800707,0.05,0.95,2263671.056860672
Silver,Upside,2057,1826226.71,0.0,2382811.638800707,0.05,0.95,2263671.056860672
Silver,Upside,2058,1826226.71,0.0,2382811.638800707,0.05,0.95,2263671.056860672
Silver,Upside,2059,1826226.71,0.0,2382811.638800707,0.05,0.95,2263671.056860672
Silver,Upside,2060,1826226.71,0.0,2382811.638800707,0.05,0.95,2263671.056860672
Silver,Upside,2061,1826226.71,0.0,2382811.638800707,0.05,0.95,2263671.056860672
Silver,Upside,2062,1826226.71,0.0,2382811.638800707,0.05,0.95,2263671.056860672
Silver,Upside,2063,1826226.71,0.0,2382811.638800707,0.05,0.95,2263671.056860672
Silver,Upside,2064,1826226.71,0.0,2382811.638800707,0.05,0.95,2263671.056860672
Silver,Upside,2065,1826226.71,0.0,2382811.638800707,0.05,0.95,2263671.056860672
Silver,Upside,2066,1826226.71,0.0,2382811.638800707,0.05,0.95,2263671.056860672
Silver,Upside,2067,1826226.71,0.0,2382811.638800707,0.05,0.95,2263671.056860672
Silver,Upside,2068,1826226.71,0.0,2382811.638800707,0.05,0.95,2263671.056860672
Silver,Upside,2069,1826226.71,0.0,2382811.638800707,0.05,0.95,2263671.056860672
Silver,Upside,2070,1826226.71,0.0,2382811.638800707,0.05,0.95,2263671.056860672
Silver,Upside,2071,1826226.71,0.0,2382811.638800707,0.05,0.95,2263671.056860672
Silver,Upside,2072,1826226.71,0.0,2382811.638800707,0.05,0.95,2263671.056860672
Silver,Upside,2073,1826226.71,0.0,2382811.638800707,0.05,0.95,2263671.056860672
Silver,Upside,2074,1826226.71,0.0,2382811.638800707,0.05,0.95,2263671.056860672
Silver,Upside,2075,1826226.71,0.0,2382811.638800707,0.05,0.95,2263671.056860672
