region,capacity_scenario,lifetime_scenario,price_scenario,year,annual_material_tonnes,gross_benchmark_value_real_2026_usd,quality_adjusted_gross_value_real_2026_usd,present_value_3pct_real_2026_usd,present_value_5pct_real_2026_usd,present_value_7pct_real_2026_usd
Gujarat,Conservative,Early_Loss,Downside,2045,105987.5661531928,215955151.28226745,182640438.40129638,104157289.95106335,72277023.3998008,50501603.16271132
Gujarat,Conservative,Early_Loss,Downside,2060,98781.28005161109,201271970.3985681,170222385.03326547,62309035.86345446,32402647.99388078,17059575.880917307
Gujarat,Conservative,Early_Loss,Downside,2075,26832.362760551823,54672327.797774315,46238202.043874115,10863679.080245439,4233750.724064152,1679561.194011039
Gujarat,Conservative,Early_Loss,Reference,2045,105987.5661531928,264085885.38760477,224988686.75216484,128307904.24552476,89035663.29241383,62211246.72013898
Gujarat,Conservative,Early_Loss,Reference,2060,98781.28005161109,246130208.93833226,209691299.47173804,76756430.69203593,39915745.29304327,21015124.621871512
Gujarat,Conservative,Early_Loss,Reference,2075,26832.362760551823,66857354.44117715,56959304.5586922,13382605.248630626,5215416.825436505,2068995.6214962713
Gujarat,Conservative,Early_Loss,Upside,2045,105987.5661531928,322731506.41602427,276831259.83763313,157872999.2701433,109551529.8814511,76546150.18299443
Gujarat,Conservative,Early_Loss,Upside,2060,98781.28005161109,300788408.2429159,258009002.3535066,94442879.3991875,49113251.943210974,25857493.141981624
Gujarat,Conservative,Early_Loss,Upside,2075,26832.362760551823,81704384.47371833,70084039.63807964,16466265.59036303,6417168.930606617,2545739.8448139904
Gujarat,Conservative,Fixed_25,Downside,2045,31533.21446197411,64250556.42573279,54338827.86979684,30988674.247483514,21503719.37256135,15025138.712040456
Gujarat,Conservative,Fixed_25,Downside,2060,25707.613373363693,52380592.71147398,44300005.62495917,16215791.117586501,8432718.693913095,4439717.533838838
Gujarat,Conservative,Fixed_25,Downside,2075,13.531794925512157,27571.732480730738,23318.32918948026,5478.648256298167,2135.1174726961035,847.0173813995576
Gujarat,Conservative,Fixed_25,Reference,2045,31533.21446197411,78570318.7888214,66938196.32219384,38173918.0225405,26489717.306139164,18508969.079802107
Gujarat,Conservative,Fixed_25,Reference,2060,25707.613373363693,64054851.76529326,54571704.798329785,19975694.211689487,10387985.931819092,5469140.4939261805
Gujarat,Conservative,Fixed_25,Reference,2075,13.531794925512157,33716.74785533046,28725.07483840225,6748.964726273965,2630.1802626426875,1043.4125649579655
Gujarat,Conservative,Fixed_25,Upside,2045,31533.21446197411,96018449.8504582,82362297.79652885,46970067.56948296,32593558.016004108,22773861.666660506
Gujarat,Conservative,Fixed_25,Upside,2060,25707.613373363693,78279529.30209318,67146281.92594525,24578554.035673566,12781617.041255157,6729356.373506775
Gujarat,Conservative,Fixed_25,Upside,2075,13.531794925512157,41204.23479213625,35343.99338578599,8304.081572920204,3236.234346794088,1283.8388412209817
Gujarat,Conservative,Regular_Loss,Downside,2045,79870.08145036563,162739424.52466756,137634132.19770956,78490822.40473896,54466499.75515238,38056984.45938215
Gujarat,Conservative,Regular_Loss,Downside,2060,174650.33783136998,355859102.1267302,300961852.6606294,110165551.18351883,57289533.15654002,30162199.652660847
Gujarat,Conservative,Regular_Loss,Downside,2075,1739.9827269502107,3545304.8566465788,2998381.9762550173,704470.7213986948,274543.5873770616,108913.53447008104
Gujarat,Conservative,Regular_Loss,Reference,2045,79870.08145036563,199009770.120705,169546913.74205947,96690235.79618318,67095471.075105906,46881134.48594941
Gujarat,Conservative,Regular_Loss,Reference,2060,174650.33783136998,435170754.20692825,370744905.0458089,135709281.59758717,70573072.1102072,37155811.4337104
Gujarat,Conservative,Regular_Loss,Reference,2075,1739.9827269502107,4335460.240134433,3693607.11748154,867814.0714631439,338201.12194690655,134166.96381400188
Gujarat,Conservative,Regular_Loss,Upside,2045,79870.08145036563,243203921.36177525,208614425.95333177,118969892.112576,82555812.273269,57683627.162368916
Gujarat,Conservative,Regular_Loss,Upside,2060,174650.33783136998,531809236.405299,456173066.4052042,166979824.35758492,86834732.6476975,45717365.7838803
Gujarat,Conservative,Regular_Loss,Upside,2075,1739.9827269502107,5298237.019565592,4544699.231050668,1067778.4122212376,416130.4464619365,165082.12104963942
Gujarat,High,Early_Loss,Downside,2045,231423.54821429495,471537456.5037283,398794876.00602007,227427145.35042727,157816674.31982678,110270106.37768894
Gujarat,High,Early_Loss,Downside,2060,298996.6868736237,609221223.6797837,515238607.25514644,188600464.33624676,98078141.84064734,51636875.58207809
Gujarat,High,Early_Loss,Downside,2075,110946.27166797312,226058770.39982313,191185404.4005474,44919066.62511891,17505683.79677196,6944638.240643026
Gujarat,High,Early_Loss,Reference,2045,231423.54821429495,576630777.0609379,491262155.42116225,280159942.7381968,194409116.69734526,135838079.66681737
Gujarat,High,Early_Loss,Reference,2060,298996.6868736237,745000641.554997,634705318.411714,232330644.64413527,120819203.70414075,63609751.0873814
Gujarat,High,Early_Loss,Reference,2075,110946.27166797312,276441335.97276485,235514946.4093457,55334305.472444415,21564670.13882517,8554869.071755627
Gujarat,High,Early_Loss,Upside,2045,231423.54821429495,704683323.2059355,604460265.7981555,344715243.3477099,239205452.84364033,167138300.46713674
Gujarat,High,Early_Loss,Upside,2060,298996.6868736237,910443127.1556094,780956035.869969,285864973.8534312,148658729.72021824,78266902.15261951
Gujarat,High,Early_Loss,Upside,2075,110946.27166797312,337830735.1156002,289783012.0538916,68084603.35186091,26533666.597600684,10526107.854875624
Gujarat,High,Fixed_25,Downside,2045,31533.21446197411,64250556.42573279,54338827.86979684,30988674.247483514,21503719.37256135,15025138.712040456
Gujarat,High,Fixed_25,Downside,2060,421113.0329942322,858039598.8691578,725672564.7553631,265628741.21186024,138135255.653888,72726428.90489823
Gujarat,High,Fixed_25,Downside,2075,1145.3286802533291,2333666.4609745494,1973659.174064775,463711.7996170578,180715.9575392625,71691.39829048018
Gujarat,High,Fixed_25,Reference,2045,31533.21446197411,78570318.7888214,66938196.32219384,38173918.0225405,26489717.306139164,18508969.079802107
Gujarat,High,Fixed_25,Reference,2060,421113.0329942322,1049274100.7544241,893931917.7369298,327219219.204759,170164231.07491958,89589270.99997365
Gujarat,High,Fixed_25,Reference,2075,1145.3286802533291,2853779.4532175483,2431285.1499706223,571231.1563668712,222617.98273054333,88314.25118111764
Gujarat,High,Fixed_25,Upside,2045,31533.21446197411,96018449.8504582,82362297.79652885,46970067.56948296,32593558.016004108,22773861.666660506
Gujarat,High,Fixed_25,Upside,2060,421113.0329942322,1282286672.3178866,1099914411.5578716,402618060.50418437,209373987.4114753,110232701.54991117
Gujarat,High,Fixed_25,Upside,2075,1145.3286802533291,3487518.996194054,2991509.221227187,702855.9655968009,273914.2910314169,108663.88781146455
Gujarat,High,Regular_Loss,Downside,2045,114567.4280554305,233437063.947387,197425472.11914125,112588988.08629344,78127963.29758817,54589788.18954167
Gujarat,High,Regular_Loss,Downside,2060,550071.3844431317,1120798914.0137858,947896837.8374745,346972802.9725824,180436712.6271792,94997599.9291152
Gujarat,High,Regular_Loss,Downside,2075,33450.47496610668,68157073.92816336,57642699.36825293,13543169.05881357,5277991.128543144,2093819.3246592456
Gujarat,High,Regular_Loss,Reference,2045,114567.4280554305,285464057.46187276,243201878.46853334,138694632.9850164,96243241.7202352,67247346.00043885
Gujarat,High,Regular_Loss,Reference,2060,550071.3844431317,1370595569.4565582,1167682615.024151,427424265.74773735,222273990.20292026,117024386.49264364
Gujarat,High,Regular_Loss,Reference,2075,33450.47496610668,83347496.49116345,71008125.83036932,16683379.911244178,6501781.878618563,2579306.4464525757
Gujarat,High,Regular_Loss,Upside,2045,114567.4280554305,348857134.70480263,299241190.2269802,170653069.43301588,118419900.31089512,82742682.67784174
Gujarat,High,Regular_Loss,Upside,2060,550071.3844431317,1674964082.8725839,1436743571.749958,525912656.67709374,273491034.7060821,143989499.25944632
Gujarat,High,Regular_Loss,Upside,2075,33450.47496610668,101856496.64357266,87370032.76073027,20527614.72521083,7999942.106556392,3173638.0321439644
Gujarat,Medium,Early_Loss,Downside,2045,169126.42799062122,344603849.9436177,291442912.35827965,166205820.53129923,115333856.95199886,80586393.86401202
Gujarat,Medium,Early_Loss,Downside,2060,191640.48508528198,390477406.4589883,330239701.521428,120882558.43444996,62862712.209748015,33096406.479649052
Gujarat,Medium,Early_Loss,Downside,2075,63129.61436209983,128629856.45177756,108786538.47502613,25559429.00033309,9960921.17941887,3951573.382547853
Gujarat,Medium,Early_Loss,Reference,2045,169126.42799062122,421407001.777828,359018838.8107274,204743427.1360005,142075945.72609216,99271700.63904142
Gujarat,Medium,Early_Loss,Reference,2060,191640.48508528198,477504569.7974278,406811314.12683684,148911206.69372898,77438486.18384665,40770363.317411005
Gujarat,Medium,Early_Loss,Reference,2075,63129.61436209983,157298074.74677026,134010521.6678907,31485811.22152695,12270527.790100668,4867811.935442337
Gujarat,Medium,Early_Loss,Upside,2045,169126.42799062122,514988963.90621734,441745044.55371916,251921026.32239705,174813514.4737398,122146185.88534778
Gujarat,Medium,Early_Loss,Upside,2060,191640.48508528198,583544133.3984017,500550006.4542768,183223776.9287328,95282096.1784966,50164793.63528849
Gujarat,Medium,Early_Loss,Upside,2075,63129.61436209983,192229298.98300532,164889631.03147522,38740866.98886572,15097939.883297585,5989467.871447111
Gujarat,Medium,Fixed_25,Downside,2045,31533.21446197411,64250556.42573279,54338827.86979684,30988674.247483514,21503719.37256135,15025138.712040456
Gujarat,Medium,Fixed_25,Downside,2060,162618.15638725503,331342909.72484195,280227695.1208594,102575918.56562564,53342686.75276332,28084235.971165754
Gujarat,Medium,Fixed_25,Downside,2075,272.42245643853215,555074.8538544289,469445.2253236566,110296.2928539168,42984.24192049237,17052.1765188714
Gujarat,Medium,Fixed_25,Reference,2045,31533.21446197411,78570318.7888214,66938196.32219384,38173918.0225405,26489717.306139164,18508969.079802107
Gujarat,Medium,Fixed_25,Reference,2060,162618.15638725503,405190546.10194504,345203185.3882184,126359865.38626984,65711083.18283108,34596037.02717373
Gujarat,Medium,Fixed_25,Reference,2075,272.42245643853215,678786.4673111818,578293.9729676752,135870.33791668114,52950.85921486864,21006.009593654955
Gujarat,Medium,Fixed_25,Upside,2045,31533.21446197411,96018449.8504582,82362297.79652885,46970067.56948296,32593558.016004108,22773861.666660506
Gujarat,Medium,Fixed_25,Upside,2060,162618.15638725503,495171315.7145127,424745946.5206422,155476087.4102406,80852429.53943151,42567760.42331274
Gujarat,Medium,Fixed_25,Upside,2075,272.42245643853215,829524.7540724162,711546.2177415963,167177.991760414,65151.95620517656,25846.277801419084
Gujarat,Medium,Regular_Loss,Downside,2045,99417.81014164475,202568933.39977753,171319269.68604943,97700985.62557772,67796852.50606303,47371205.673523925
Gujarat,Medium,Regular_Loss,Downside,2060,355157.73418634146,723652264.1195512,612016735.808877,224025604.69997728,116500323.10911125,61335916.20680494
Gujarat,Medium,Regular_Loss,Downside,2075,11872.919338029178,24191687.6183406,20459713.074895952,4807015.5649362765,1873371.3945622933,743180.716425546
Gujarat,Medium,Regular_Loss,Reference,2045,99417.81014164475,247716230.94547427,211042515.22498885,120354597.49605398,83516689.64873153,58355014.07927632
Gujarat,Medium,Regular_Loss,Reference,2060,355157.73418634146,884935356.9388491,753923078.9483721,275969697.8473182,143512876.62226602,75557676.92469531
Gujarat,Medium,Regular_Loss,Reference,2075,11872.919338029178,29583379.723873354,25203640.641361184,5921602.732774387,2307743.9670592155,915499.627967
Gujarat,Medium,Regular_Loss,Upside,2045,99417.81014164475,302726638.56833696,259671569.32380465,148087067.54568976,102760857.65323266,71801352.7640338
Gujarat,Medium,Regular_Loss,Upside,2060,355157.73418634146,1081453181.060777,927644313.0487183,339559469.56674683,176581547.32921228,92967905.16631168
Gujarat,Medium,Regular_Loss,Upside,2075,11872.919338029178,36152968.52821139,31011139.679785945,7286076.328707366,2839501.3056253283,1126451.8187537289
India,Conservative,Early_Loss,Downside,2045,1107019.6333787534,2255609795.3339705,1907644061.4449108,1087902752.372781,754919533.0149088,527479479.40815926
India,Conservative,Early_Loss,Downside,2060,1701692.0334730772,3467285587.0031443,2932398490.671009,1073389511.523134,558196127.098274,293883055.12763965
India,Conservative,Early_Loss,Downside,2075,796588.9198206047,1623091150.5316653,1372702051.968646,322516748.19084936,125689971.70201525,49862170.1431687
India,Conservative,Early_Loss,Reference,2045,1107019.6333787534,2758326005.898975,2349963326.478799,1340151248.6113276,929960286.0314658,649784442.041259
India,Conservative,Early_Loss,Reference,2060,1701692.0334730772,4240052523.3990717,3612324254.284191,1322272869.497358,687623259.5874767,362024769.60005146
India,Conservative,Early_Loss,Reference,2075,796588.9198206047,1984835559.6421337,1690986041.6335676,397297664.5599356,154833299.34315604,61423550.43232803
India,Conservative,Early_Loss,Upside,2045,1107019.6333787534,3370868177.0845385,2891448977.4233127,1648952949.0641432,1144244545.347475,799509736.7332159
India,Conservative,Early_Loss,Upside,2060,1701692.0334730772,5181642086.441758,4444686924.890055,1626954979.8087964,846067488.9619954,445443610.9990176
India,Conservative,Early_Loss,Upside,2075,796588.9198206047,2425608506.911382,2080628155.2677612,488844193.00526494,190510456.06216836,75576950.53623915
India,Conservative,Fixed_25,Downside,2045,385419.5209091829,785312220.7257543,664164607.4363623,378763795.1239846,262832488.21120188,183647048.44702697
India,Conservative,Fixed_25,Downside,2060,3489168.3491327194,7109361088.612534,6012622612.924584,2200889841.5383005,1144531572.6751778,602581098.182011
India,Conservative,Fixed_25,Downside,2075,103718.56544757668,211331944.91546905,178730439.3452977,41992768.94625338,16365258.456036996,6492222.812384988
India,Conservative,Fixed_25,Reference,2045,385419.5209091829,960337699.2151248,818162309.083209,466586532.53433305,323774608.0553781,226228696.21689713
India,Conservative,Fixed_25,Reference,2060,3489168.3491327194,8693851044.897907,7406749991.729489,2711203058.1414094,1409910410.512628,742299630.5109925
India,Conservative,Fixed_25,Reference,2075,103718.56544757668,258432287.6870816,220172088.84804428,51729496.60548766,20159818.058985725,7997553.539876835
India,Conservative,Fixed_25,Upside,2045,385419.5209091829,1173600141.0332968,1006685740.7131047,574098811.3194958,398379731.6446347,278356996.0303625
India,Conservative,Fixed_25,Upside,2060,3489168.3491327194,10624496800.191813,9113435706.976162,3335926659.671071,1734786227.8530762,913342554.4979781
India,Conservative,Fixed_25,Upside,2075,103718.56544757668,315822412.80853367,270904806.8893665,63649163.53255671,24805104.256260067,9840373.994012497
India,Conservative,Regular_Loss,Downside,2045,567087.2590871627,1155469639.234898,977219020.7836833,557294352.6877662,386718749.96666336,270209202.4233809
India,Conservative,Regular_Loss,Downside,2060,2734265.3423692184,5571207143.333553,4711754774.272086,1724713803.9603238,896905135.9161112,472208975.85391486
India,Conservative,Regular_Loss,Downside,2075,577754.8229714809,1177205352.7347388,995601635.0394878,233916895.05084434,91161181.81300105,36164335.916859105
India,Conservative,Regular_Loss,Reference,2045,567087.2590871627,1412993489.1759183,1203803637.7917323,686512393.6579881,476385977.0543608,332861737.158176
India,Conservative,Regular_Loss,Reference,2060,2734265.3423692184,6812882963.842501,5804254130.36128,2124617621.2288904,1104867631.9296737,581698545.403858
India,Conservative,Regular_Loss,Reference,2075,577754.8229714809,1439573522.6229281,1226448569.421812,288154449.7336242,112298430.50320263,44549643.6409152
India,Conservative,Regular_Loss,Upside,2045,567087.2590871627,1726777319.615061,1481187709.7362742,844700653.948154,586156273.4583657,409560744.49531996
India,Conservative,Regular_Loss,Upside,2060,2734265.3423692184,8325821649.763033,7141687906.71533,2614178433.8068266,1359454570.4328442,715735282.0466614
India,Conservative,Regular_Loss,Upside,2075,577754.8229714809,1759259987.9801323,1509050554.9423418,354551868.8032947,138174574.20974678,54814907.15138588
India,High,Early_Loss,Downside,2045,1840385.7168485622,3749881144.7873106,3171398932.464115,1808604496.6305394,1255030248.8224053,876918232.1280077
India,High,Early_Loss,Downside,2060,4077137.176114768,8307378003.1309595,7025825276.443453,2571767508.9250393,1337399562.663971,704123605.1658593
India,High,Early_Loss,Downside,2075,2524044.8023108062,5142871913.280846,4349497454.939641,1021915697.8892238,398257007.95400125,157991591.71099812
India,High,Early_Loss,Reference,2045,1840385.7168485622,4585631212.496837,3906740956.318545,2227959777.7623215,1546030057.6829507,1080246429.3368125
India,High,Early_Loss,Reference,2060,4077137.176114768,10158874480.094398,8654880683.23624,3168074931.9797077,1647498078.1942246,867386470.5109144
India,High,Early_Loss,Reference,2075,2524044.8023108062,6289083055.391504,5358001376.828754,1258863989.0052223,490599573.641744,194624591.618859
India,High,Early_Loss,Upside,2045,1840385.7168485622,5603963524.613672,4806944013.092855,2741333002.334092,1902270975.4587328,1329160075.936739
India,High,Early_Loss,Upside,2060,4077137.176114768,12414858369.428234,10649164444.094563,3898072331.2814646,2027119563.8782413,1067252282.1654456
India,High,Early_Loss,Upside,2075,2524044.8023108062,7685701359.854876,6592608245.201045,1548935233.4609814,603645009.9228952,239470578.14770406
India,High,Fixed_25,Downside,2045,385419.5209091829,785312220.7257543,664164607.4363623,378763795.1239846,262832488.21120188,183647048.44702697
India,High,Fixed_25,Downside,2060,9180025.611513702,18704777283.44185,15819250909.098108,5790556113.02446,3011270336.9431295,1585394959.7186666
India,High,Fixed_25,Downside,2075,853280.6603671261,1738603505.900628,1470394684.4438872,345469660.7350774,134635091.4340785,53410767.34620239
India,High,Fixed_25,Reference,2045,385419.5209091829,960337699.2151248,818162309.083209,466586532.53433305,323774608.0553781,226228696.21689713
India,High,Fixed_25,Reference,2060,9180025.611513702,22873581114.160275,19487209506.25856,7133193649.982205,3709483860.7208185,1952995366.704465
India,High,Fixed_25,Reference,2075,853280.6603671261,2126092586.666916,1811330349.1613054,425572594.7761921,165852495.08630154,65794949.40350619
India,High,Fixed_25,Upside,2045,385419.5209091829,1173600141.0332968,1006685740.7131047,574098811.3194958,398379731.6446347,278356996.0303625
India,High,Fixed_25,Upside,2060,9180025.611513702,27953123201.82241,23977511208.285454,8776845686.31484,4564234341.444418,2403010460.7766695
India,High,Fixed_25,Upside,2075,853280.6603671261,2598234518.5463715,2228702561.7995405,523634318.0847969,204068728.18690267,80955620.46810648
India,High,Regular_Loss,Downside,2045,656115.8115303882,1336869922.39197,1130635260.429768,644785490.443958,447430765.55242324,312630071.10471123
India,High,Regular_Loss,Downside,2060,5506144.227294682,11219053826.264187,9488326150.638504,3473153394.5359263,1806148423.1359515,950913829.0952567
India,High,Regular_Loss,Downside,2075,2892374.402631937,5893362536.342396,4984212281.597628,1171042131.865683,456373981.3256663,181047038.1815737
India,High,Regular_Loss,Reference,2045,656115.8115303882,1634823133.4453535,1392792005.2450984,794289818.8466403,551175091.5367981,385118595.60114616
India,High,Regular_Loss,Reference,2060,5506144.227294682,13719486408.76646,11688353678.925621,4278462250.5588284,2224934222.4419823,1171399146.297142
India,High,Regular_Loss,Reference,2075,2892374.402631937,7206838336.937219,6139885479.615131,1442567887.4084733,562191941.8563434,223025829.9716838
India,High,Regular_Loss,Upside,2045,656115.8115303882,1997868730.493493,1713723347.9143991,977312479.1369321,678178521.7019871,473858786.173565
India,High,Regular_Loss,Upside,2060,5506144.227294682,16766176312.136942,14381619454.177645,5264318451.241235,2737610289.4140396,1441316477.389704
India,High,Regular_Loss,Upside,2075,2892374.402631937,8807262794.68805,7554656445.694788,1774968739.2615447,691733907.9635277,274416115.6663177
India,Medium,Early_Loss,Downside,2045,1468494.1823175747,2992132896.430023,2530546091.232755,1443135076.0335739,1001423018.096556,699717081.2938643
India,Medium,Early_Loss,Downside,2060,2746877.9583469206,5596906001.13724,4733489151.191593,1732669561.7807937,901042378.879494,474387180.8662011
India,Medium,Early_Loss,Downside,2075,1502405.7467406993,3061229463.9899297,2588983351.544602,608282394.9034817,237057447.19034073,94042496.83127648
India,Medium,Early_Loss,Reference,2045,1468494.1823175747,3659000771.499469,3117295637.3512535,1777750143.4231923,1233619737.7597528,861958220.1859567
India,Medium,Early_Loss,Reference,2060,2746877.9583469206,6844309422.420773,5831027987.034534,2134418054.910575,1109964164.051771,584381803.774682
India,Medium,Early_Loss,Reference,2075,1502405.7467406993,3743497150.0899096,3189282556.4040246,749322868.4826934,292023191.55075383,115847826.72539476
India,Medium,Early_Loss,Upside,2045,1468494.1823175747,4471556021.368663,3835592318.136866,2187384703.5806127,1517874125.558969,1060573237.9972053
India,Medium,Early_Loss,Upside,2060,2746877.9583469206,8364226990.14463,7174631076.350047,2626237113.0329714,1365725460.887515,719036824.9197186
India,Medium,Early_Loss,Upside,2075,1502405.7467406993,4574816532.657129,3924166680.6120787,921984108.1863518,359312057.8007187,142541833.03523052
India,Medium,Fixed_25,Downside,2045,385419.5209091829,785312220.7257543,664164607.4363623,378763795.1239846,262832488.21120188,183647048.44702697
India,Medium,Fixed_25,Downside,2060,6291124.7218782585,12818492209.596842,10841024272.41618,3968301642.904091,2063641003.0535698,1086480348.4336557
India,Medium,Fixed_25,Downside,2075,338128.3150627528,688953941.3203639,582671212.6750019,136898771.66487455,53351656.41201554,21165008.897787377
India,Medium,Fixed_25,Reference,2045,385419.5209091829,960337699.2151248,818162309.083209,466586532.53433305,323774608.0553781,226228696.21689713
India,Medium,Fixed_25,Reference,2060,6291124.7218782585,15675397620.318127,13354697543.706438,4888418923.479284,2542130774.9206944,1338399036.466546
India,Medium,Fixed_25,Reference,2075,338128.3150627528,842503688.865735,717773304.1792214,168641047.53838557,65722132.60799363,26072471.127934318
India,Medium,Fixed_25,Upside,2045,385419.5209091829,1173600141.0332968,1006685740.7131047,574098811.3194958,398379731.6446347,278356996.0303625
India,Medium,Fixed_25,Upside,2060,6291124.7218782585,19156437233.479195,16431927307.737068,6014823183.938938,3127896230.0380783,1646796986.9020238
India,Medium,Fixed_25,Upside,2075,338128.3150627528,1029598701.4588785,883164797.937746,207499827.3216076,80866025.00652982,32080168.71255828
India,Medium,Regular_Loss,Downside,2045,617176.4702474454,1257528999.274297,1063534008.6405259,606518584.1669645,420876521.66109586,294076015.82952726
India,Medium,Regular_Loss,Downside,2060,4061776.5177085754,8276079866.657951,6999355403.72853,2562078347.0209045,1332360895.3473494,701470811.8681376
India,Medium,Regular_Loss,Downside,2075,1436854.4156868742,2927665234.4460444,2476023649.987209,581742480.0176173,226714414.8681736,89939337.04485476
India,Medium,Regular_Loss,Reference,2045,617176.4702474454,1537799201.3715417,1310132203.0039492,747150088.6494758,518463800.9096943,362262471.47644037
India,Medium,Regular_Loss,Reference,2060,4061776.5177085754,10120600810.620068,8622273326.657612,3156139175.4100122,1641291111.3665557,864118582.6022795
India,Medium,Regular_Loss,Reference,2075,1436854.4156868742,3580164960.0227833,3050131253.81312,716629229.2812533,279281953.74181604,110793280.5363797
India,Medium,Regular_Loss,Upside,2045,617176.4702474454,1879298668.6720176,1612016824.2545967,919310669.8581302,637929796.6396859,445736084.86006546
India,Medium,Regular_Loss,Upside,2060,4061776.5177085754,12368085256.251854,10609043601.878265,3883386301.6148095,2019482368.9975638,1063231397.6498075
India,Medium,Regular_Loss,Upside,2075,1436854.4156868742,4375213120.800322,3752951714.382594,881757101.8445555,343634945.47362435,136322603.0392179
Karnataka,Conservative,Early_Loss,Downside,2045,35689.07383842441,72718334.98620988,61500309.22084451,35072766.993260175,24337760.72571239,17005347.982306857
Karnataka,Conservative,Early_Loss,Downside,2060,39037.5115010789,79540950.01779404,67270421.17702141,24623994.57538787,12805247.543518763,6741797.527900894
Karnataka,Conservative,Early_Loss,Downside,2075,19833.710299730974,40412211.20292741,34177948.18527446,8030118.912360915,3129466.685126083,1241483.2957483511
Karnataka,Conservative,Early_Loss,Reference,2045,35689.07383842441,88925342.8997623,75760187.21575543,43204976.15780072,29980878.671213146,20948323.075617626
Karnataka,Conservative,Early_Loss,Reference,2060,39037.5115010789,97268539.71899292,82868196.38829578,30333480.638807006,15774358.91838191,8304996.338317195
Karnataka,Conservative,Early_Loss,Reference,2075,19833.710299730974,49419032.20473117,42102678.60391784,9892036.639696222,3855086.0142710335,1529342.016369078
Karnataka,Conservative,Early_Loss,Upside,2045,35689.07383842441,108673016.85010396,93217078.49059537,53160397.32341694,36889163.332614996,25775298.98157508
Karnataka,Conservative,Early_Loss,Upside,2060,39037.5115010789,118868989.5498326,101962936.61607228,37323012.91109518,19409134.36824019,10218658.6911182
Karnataka,Conservative,Early_Loss,Upside,2075,19833.710299730974,60393529.4975954,51804105.036180854,12171389.614552623,4743386.583204817,1881737.625236414
Karnataka,Conservative,Fixed_25,Downside,2045,66687.48793487056,135879207.98929977,114917555.65649444,65535876.22628042,45476779.0306257,31775661.748257615
Karnataka,Conservative,Fixed_25,Downside,2060,41066.858613863165,83675849.78624538,70767443.13723516,25904061.628212117,13470922.45802271,7092266.777147062
Karnataka,Conservative,Fixed_25,Downside,2075,24814.35337790321,50560529.24124347,42760717.54524769,10046643.081229754,3915338.634856802,1553244.6903735085
Karnataka,Conservative,Fixed_25,Reference,2045,66687.48793487056,166163116.43670076,141563117.9942458,80731468.10404609,56021332.85147788,39143381.77240564
Karnataka,Conservative,Fixed_25,Reference,2060,41066.858613863165,102325000.09910768,87176061.53173813,31910352.703343168,16594381.724552747,8736727.760039147
Karnataka,Conservative,Fixed_25,Reference,2075,24814.35337790321,61829143.92668183,52675506.96493096,12376125.75232168,4823175.553876644,1913390.5182820023
Karnataka,Conservative,Fixed_25,Upside,2045,66687.48793487056,203063002.77915078,174182519.42622846,99333856.94367468,68929937.65567097,48162918.08617455
Karnataka,Conservative,Fixed_25,Upside,2060,41066.858613863165,125048339.39737266,107263433.06362665,39263232.60182643,20418109.30740201,10749870.971664704
Karnataka,Conservative,Fixed_25,Upside,2075,24814.35337790321,75559557.94677918,64813156.45773263,15227870.047075689,5934546.23995621,2354279.743500445
Karnataka,Conservative,Regular_Loss,Downside,2045,40540.17632046928,82602707.35571565,69859850.96906874,39840096.842823386,27645915.260583047,19316830.935842857
Karnataka,Conservative,Regular_Loss,Downside,2060,45733.38045967417,93184129.55669996,78808910.89295523,28847599.88663833,15001654.441315152,7898177.406033194
Karnataka,Conservative,Regular_Loss,Downside,2075,22653.567663661703,46157816.51989347,39037197.282786794,9171800.907613587,3574398.5482958476,1417991.1584128803
Karnataka,Conservative,Regular_Loss,Reference,2045,40540.17632046928,101012682.39225647,86058028.89991947,49077691.37660085,34056084.30961839,23795762.11331536
Karnataka,Conservative,Regular_Loss,Reference,2060,45733.38045967417,113952425.82516277,97082078.4344357,35536399.66733998,18480039.587100115,9729502.282592062
Karnataka,Conservative,Regular_Loss,Reference,2075,22653.567663661703,56445182.116920374,48088626.08970302,11298436.750476215,4403182.791003523,1746776.1868624075
Karnataka,Conservative,Regular_Loss,Upside,2045,40540.17632046928,123444594.95716187,105887779.97424762,60386321.329448946,41903390.16891745,29278853.526897732
Karnataka,Conservative,Regular_Loss,Upside,2060,45733.38045967417,139257870.56865245,119452024.31562777,43724804.26466918,22738266.152829282,11971403.599728653
Karnataka,Conservative,Regular_Loss,Upside,2075,22653.567663661703,68979978.34221081,59169352.63032852,13901856.688801039,5417777.475503054,2149273.6343501695
Karnataka,High,Early_Loss,Downside,2045,39293.04107626181,80061604.7518216,67710756.16469768,38614498.10559647,26795445.46964537,18722588.31400396
Karnataka,High,Early_Loss,Downside,2060,50141.198030088075,102165285.97713824,86404572.93778163,31627953.238315776,16447525.167840885,8659409.67871106
Karnataka,High,Early_Loss,Downside,2075,29595.848498297535,60303073.00895008,51000310.13802628,11982537.768375643,4669787.976822331,1852540.4969050945
Karnataka,High,Early_Loss,Reference,2045,39293.04107626181,97905234.72534265,83410630.42686635,47567917.02001543,33008418.836077243,23063734.374716
Karnataka,High,Early_Loss,Reference,2060,50141.198030088075,124935246.24418542,106438922.0964285,38961424.56750168,20261159.687456347,10667239.02283602
Karnataka,High,Early_Loss,Reference,2075,29595.848498297535,73743044.94522889,62825587.270525336,14760890.08580652,5752556.6271792725,2282083.07646573
Karnataka,High,Early_Loss,Upside,2045,39293.04107626181,119647075.58129624,102630359.94496933,58528660.20329425,40614318.45106585,28378149.744685873
Karnataka,High,Early_Loss,Upside,2060,50141.198030088075,152679648.7652626,130964900.16927695,47939033.752267644,24929797.329002976,13125216.47336761
Karnataka,High,Early_Loss,Upside,2075,29595.848498297535,90119182.05301915,77302048.93945119,18162138.984703105,7078078.108627569,2807927.555077705
Karnataka,High,Fixed_25,Downside,2045,66687.48793487056,135879207.98929977,114917555.65649444,65535876.22628042,45476779.0306257,31775661.748257615
Karnataka,High,Fixed_25,Downside,2060,55850.83136314774,113798959.38770586,96243556.63095759,35229463.03785382,18320422.937221866,9645466.176932734
Karnataka,High,Fixed_25,Downside,2075,48159.33122023649,98127129.78319198,82989370.22918195,19498376.78346648,7598831.502229152,3014514.3969934178
Karnataka,High,Fixed_25,Reference,2045,66687.48793487056,166163116.43670076,141563117.9942458,80731468.10404609,56021332.85147788,39143381.77240564
Karnataka,High,Fixed_25,Reference,2060,55850.83136314774,139161760.05827036,118559239.14932445,43398004.80797796,22568320.211393718,11881929.255405886
Karnataka,High,Fixed_25,Reference,2075,48159.33122023649,119997091.04168293,102231847.37011845,24019402.410062797,9360748.011243176,3713480.1104935864
Karnataka,High,Fixed_25,Upside,2045,66687.48793487056,203063002.77915078,174182519.42622846,99333856.94367468,68929937.65567097,48162918.08617455
Karnataka,High,Fixed_25,Upside,2060,55850.83136314774,170065448.19005656,145878017.30338746,53397904.218473345,27768580.75277924,14619799.299948543
Karnataka,High,Fixed_25,Upside,2075,48159.33122023649,146644876.1567961,125788418.57134493,29554025.696631107,11517679.85485223,4569151.41916593
Karnataka,High,Regular_Loss,Downside,2045,41435.525917129475,84427028.4965351,71402739.90209773,40719984.84225258,28256488.80328782,19743452.58273558
Karnataka,High,Regular_Loss,Downside,2060,57564.49017767927,117290627.9104404,99196576.57957971,36310400.928885214,18882544.4578163,9941415.901062945
Karnataka,High,Regular_Loss,Downside,2075,37786.023100888204,76990977.63329238,65113824.9048267,15298512.186570782,5962076.61958429,2365201.2550143134
Karnataka,High,Regular_Loss,Reference,2045,41435.525917129475,103243596.82446149,87958662.50486037,50161596.16358782,34808229.56694048,24321303.143081952
Karnataka,High,Regular_Loss,Reference,2060,57564.49017767927,143431629.83369026,122196966.29238805,44729576.27535176,23260779.032784577,12246499.88587284
Karnataka,High,Regular_Loss,Reference,2075,37786.023100888204,94150245.4302178,80211557.10631157,18845728.778617077,7344484.062224714,2913612.8281789394
Karnataka,High,Regular_Loss,Upside,2045,41435.525917129475,126170929.13565853,108226363.31788534,61719982.73286064,42828847.00930843,29925491.308853913
Karnataka,High,Regular_Loss,Upside,2060,57564.49017767927,175283529.05340508,150353960.52745345,55036300.407180324,28620598.028307743,15068375.39676865
Karnataka,High,Regular_Loss,Upside,2075,37786.023100888204,115058214.83997709,98694146.48274457,23188218.552916665,9036822.27383605,3584976.3005743856
Karnataka,Medium,Early_Loss,Downside,2045,38182.99094449061,77799820.15917361,65797889.872239634,37523617.18784811,26038459.322487175,18193664.844203763
Karnataka,Medium,Early_Loss,Downside,2060,46725.15878440376,95204929.22150104,80517968.2343013,29473191.60980577,15326981.709066525,8069458.012833729
Karnataka,Medium,Early_Loss,Downside,2075,26587.447231736533,54173299.7325366,45816157.44772351,10764519.579065409,4195106.669244621,1664230.8028084568
Karnataka,Medium,Early_Loss,Reference,2045,38182.99094449061,95139357.72190514,81054234.00754215,46224097.06844519,32075912.756758206,22412171.128895953
Karnataka,Medium,Early_Loss,Reference,2060,46725.15878440376,116423608.6865173,99187409.37964913,36307045.32210571,18880799.437310442,9940497.170293191
Karnataka,Medium,Early_Loss,Reference,2075,26587.447231736533,66247106.120361164,56439401.8456351,13260453.954290893,5167812.498482792,2050110.6220171996
Karnataka,Medium,Early_Loss,Upside,2045,38182.99094449061,116266979.5546923,99730995.54200727,56875193.19764909,39466941.503048465,27576451.32683187
Karnataka,Medium,Early_Loss,Upside,2060,46725.15878440376,142277829.6486459,122042471.97925004,44673024.41998835,23231370.298764728,12231016.567050625
Karnataka,Medium,Early_Loss,Upside,2075,26587.447231736533,80958618.1501008,69444339.37080735,16315967.825657574,6358595.470782677,2522503.306687149
Karnataka,Medium,Fixed_25,Downside,2045,66687.48793487056,135879207.98929977,114917555.65649444,65535876.22628042,45476779.0306257,31775661.748257615
Karnataka,Medium,Fixed_25,Downside,2060,51329.07522106648,104585647.23075655,88451552.77514872,32377239.767660007,16837177.604609497,8864556.656621441
Karnataka,Medium,Fixed_25,Downside,2075,40875.47860749712,83285903.11865757,70437652.29919086,16549346.988410877,6449547.089657813,2558584.507388669
Karnataka,Medium,Fixed_25,Reference,2045,66687.48793487056,166163116.43670076,141563117.9942458,80731468.10404609,56021332.85147788,39143381.77240564
Karnataka,Medium,Fixed_25,Reference,2060,51329.07522106648,127895042.48347118,108960528.53500628,39884445.743501276,20741159.575792845,10919952.767695846
Karnataka,Medium,Fixed_25,Reference,2075,40875.47860749712,101848144.55594322,86769803.15761262,20386590.604581185,7944982.7352038305,3151835.230470654
Karnataka,Medium,Fixed_25,Upside,2045,66687.48793487056,203063002.77915078,174182519.42622846,99333856.94367468,68929937.65567097,48162918.08617455
Karnataka,Medium,Fixed_25,Upside,2060,51329.07522106648,156296727.72269034,134067542.78337035,49074740.2568807,25520400.24210184,13436161.282983279
Karnataka,Medium,Fixed_25,Upside,2075,40875.47860749712,124465588.42011982,106763563.40727969,25084130.417086236,9775689.66566519,3878090.628676611
Karnataka,Medium,Regular_Loss,Downside,2045,41158.21085979266,83861984.7151404,70924863.62391178,40447458.67825825,28067376.9327569,19611315.80966896
Karnataka,Medium,Regular_Loss,Downside,2060,53926.43874103379,109877909.82577497,92927394.88750269,34015598.94494049,17689175.633038316,9313122.620092027
Karnataka,Medium,Regular_Loss,Downside,2075,33119.781939574175,67483269.7720268,57072840.83168789,13409280.629144382,5225812.650895871,2073119.7247227603
Karnataka,Medium,Regular_Loss,Reference,2045,41158.21085979266,102552619.61735919,87369982.5980435,49825880.23846522,34575268.93799964,24158528.24337104
Karnataka,Medium,Regular_Loss,Reference,2060,53926.43874103379,134366811.48185164,114474169.69675139,41902685.96976914,21790707.634314552,11472526.27182433
Karnataka,Medium,Regular_Loss,Reference,2075,33119.781939574175,82523519.0768966,70306136.03611262,16518447.203973768,6437504.945945015,2553807.29715809
Karnataka,Medium,Regular_Loss,Upside,2045,41158.21085979266,125326506.44104928,107502038.00803217,61306910.129785165,42542206.888272926,29725209.32486885
Karnataka,Medium,Regular_Loss,Upside,2060,53926.43874103379,164205684.1402524,140851653.8030496,51558029.49492211,26811788.33585411,14116060.443732131
Karnataka,Medium,Regular_Loss,Upside,2075,33119.781939574175,100849538.35131548,86506288.35676691,20324677.725127827,7920854.288820394,3142263.2918142155
Maharashtra,Conservative,Early_Loss,Downside,2045,155979.6511416627,317816611.719962,268788055.9972303,153286072.50916156,106368560.99859697,74322137.29701826
Maharashtra,Conservative,Early_Loss,Downside,2060,182046.6155251889,370929400.7123744,313707304.3165747,114830958.75709395,59715691.05257651,31439540.46549619
Maharashtra,Conservative,Early_Loss,Downside,2075,59320.98863958824,120869584.43181528,102223418.88550234,24017422.135139573,9359976.266208358,3713173.953353823
Maharashtra,Conservative,Early_Loss,Reference,2045,155979.6511416627,388649591.3554368,331111074.10184,188828018.88296705,131031895.56635451,91554971.14132825
Maharashtra,Conservative,Early_Loss,Reference,2060,182046.6155251889,453599826.7315446,386445603.39736295,141456442.15157115,73561775.39881456,38729325.13379976
Maharashtra,Conservative,Early_Loss,Reference,2075,59320.98863958824,147808241.8112191,125925632.74422348,29586264.20664063,11530243.721484095,4574135.600856569
Maharashtra,Conservative,Early_Loss,Upside,2045,155979.6511416627,474957106.8594473,407406688.3672866,232338341.6055838,161224660.9026357,112651344.25790489
Maharashtra,Conservative,Early_Loss,Upside,2060,182046.6155251889,554330857.8429238,475491567.11621606,174051263.01352537,90512101.97950497,47653453.26568041
Maharashtra,Conservative,Early_Loss,Upside,2075,59320.98863958824,180632056.38735625,154941797.57062414,36403620.6106465,14187077.32255648,5628121.748397684
Maharashtra,Conservative,Fixed_25,Downside,2045,12036.70713996764,24525413.741409473,20741956.332634203,11828847.865244396,8208296.455779903,5735323.768920302
Maharashtra,Conservative,Fixed_25,Downside,2060,114944.59858659649,234205568.42459553,198075421.86008197,72504497.93625453,37704607.237863645,19850988.979542397
Maharashtra,Conservative,Fixed_25,Downside,2075,31.56199834225486,64309.20507147607,54388.428975890354,12778.577279284043,4980.017396413763,1975.6108731142444
Maharashtra,Conservative,Fixed_25,Reference,2045,12036.70713996764,29991484.63901113,25551326.731358714,14571564.60139988,10111527.6344259,7065154.760703293
Maharashtra,Conservative,Fixed_25,Reference,2060,114944.59858659649,286403841.4127667,244002529.955954,89315881.61467732,46447052.6965889,24453773.656772163
Maharashtra,Conservative,Fixed_25,Reference,2075,31.56199834225486,78642.03867809438,66999.2982764988,15741.504706149248,6134.717939957127,2433.6893831728594
Maharashtra,Conservative,Fixed_25,Upside,2045,12036.70713996764,36651701.407649025,31438940.64929896,17929188.55006461,12441456.387558699,8693129.070564367
Maharashtra,Conservative,Fixed_25,Upside,2060,114944.59858659649,350005616.7212968,300226330.24958813,109896316.95631075,57149522.93537009,30088486.0786158
Maharashtra,Conservative,Fixed_25,Upside,2075,31.56199834225486,96106.09659413437,82437.47904778621,19368.709789144086,7548.2981859332085,2994.467445109137
Maharashtra,Conservative,Regular_Loss,Downside,2045,79320.19217366801,161618996.66460997,136686549.17251712,77950429.04622753,54091508.97499116,37794969.856696814
Maharashtra,Conservative,Regular_Loss,Downside,2060,354512.1680194718,722336889.6441383,610904279.9613327,223618395.9107948,116288561.79916562,61224426.61075889
Maharashtra,Conservative,Regular_Loss,Downside,2075,7067.724966494212,14400855.399911802,12179281.33677975,2861525.7086607944,1115182.6606329682,442401.46458956576
Maharashtra,Conservative,Regular_Loss,Reference,2045,79320.19217366801,197639628.3033908,168379617.70240444,96024543.17561503,66633532.39432335,46558367.403894246
Maharashtra,Conservative,Regular_Loss,Reference,2060,354512.1680194718,883326820.02323,752552681.5577416,275468070.8718573,143252014.90157247,75420336.59623085
Maharashtra,Conservative,Regular_Loss,Reference,2075,7067.724966494212,17610428.02657542,15003251.94974881,3525018.42929534,1373756.4610599168,544979.6628090783
Maharashtra,Conservative,Regular_Loss,Upside,2045,79320.19217366801,241529511.7959009,207178158.03281564,118150808.58674744,81987432.28574707,57286487.11391005
Maharashtra,Conservative,Regular_Loss,Upside,2060,354512.1680194718,1079487435.9353166,925958144.5501913,338942256.18775433,176260577.06254926,92798918.46433936
Maharashtra,Conservative,Regular_Loss,Upside,2075,7067.724966494212,21521180.34368231,18460346.6017183,4337263.8278814005,1690301.5761153419,670555.5235651156
Maharashtra,High,Early_Loss,Downside,2045,383150.09774825134,780688153.5843871,660253880.3947439,376533562.1374742,261284880.72421023,182565699.83188865
Maharashtra,High,Early_Loss,Downside,2060,584931.5210277409,1191828246.4448054,1007968701.5440109,368961802.300395,191871680.20584926,101017962.7445552
Maharashtra,High,Early_Loss,Downside,2075,238628.33349065148,486217579.37835807,411210343.1142938,96613990.26355846,37652028.21361566,14936846.683947429
Maharashtra,High,Early_Loss,Reference,2045,383150.09774825134,954683048.8959779,813344814.3977953,463839182.6310009,321868161.82061267,224896618.79214478
Maharashtra,High,Early_Loss,Reference,2060,584931.5210277409,1457455475.4701853,1241683147.679425,454511783.30443895,236360346.76830342,124440671.38263762
Maharashtra,High,Early_Loss,Reference,2075,238628.33349065148,594582713.9511961,506556356.77413815,119015564.03146572,46382282.34386848,18400205.064421847
Maharashtra,High,Early_Loss,Upside,2045,383150.09774825134,1166689761.0518918,1000758184.3444896,570718408.7493345,396033996.3074434,276717977.30004895
Maharashtra,High,Early_Loss,Upside,2060,584931.5210277409,1781112990.731814,1527795530.7588181,559241761.8838627,290823212.11824083,153114666.9247582
Maharashtra,High,Early_Loss,Upside,2075,238628.33349065148,726621851.3751898,623278603.2438004,146439489.94382107,57069828.00224899,22640035.918186836
Maharashtra,High,Fixed_25,Downside,2045,12036.70713996764,24525413.741409473,20741956.332634203,11828847.865244396,8208296.455779903,5735323.768920302
Maharashtra,High,Fixed_25,Downside,2060,1229618.6194168592,2505411574.333631,2118909716.1839743,775616094.6242654,403344634.4375076,212355743.22959548
Maharashtra,High,Fixed_25,Downside,2075,839.4411117876423,1710404.7094225502,1446546.026421308,339866.41156448924,132451.41497807694,52544.48624586988
Maharashtra,High,Fixed_25,Reference,2045,12036.70713996764,29991484.63901113,25551326.731358714,14571564.60139988,10111527.6344259,7065154.760703293
Maharashtra,High,Fixed_25,Reference,2060,1229618.6194168592,3063802043.802318,2610214465.994465,955455692.5117285,496866851.64013886,261593983.3024814
Maharashtra,High,Fixed_25,Reference,2075,839.4411117876423,2091609.0187105094,1781951.979856737,418670.13832421065,163162.49662578572,64727.80650334631
Maharashtra,High,Fixed_25,Upside,2045,12036.70713996764,36651701.407649025,31438940.64929896,17929188.55006461,12441456.387558699,8693129.070564367
Maharashtra,High,Fixed_25,Upside,2060,1229618.6194168592,3744181357.9152613,3211667970.9483647,1175614680.4324374,611356413.056509,321871259.43510985
Maharashtra,High,Fixed_25,Upside,2075,839.4411117876423,2556093.175714526,2192554.739862531,515141.3767589013,200758.8921523194,79642.58327613663
Maharashtra,High,Regular_Loss,Downside,2045,128159.98250555317,261132597.10404003,220848503.64885542,125946815.67326458,87397252.25016771,61066451.59188325
Maharashtra,High,Regular_Loss,Downside,2060,1089091.7974756302,2219080901.8501196,1876750363.9313722,686974898.8072195,357248439.46330476,188086691.63441473
Maharashtra,High,Regular_Loss,Downside,2075,77507.46064761399,157925462.36477235,133562804.63682489,31380619.974262536,12229533.066675823,4851549.016080498
Maharashtra,High,Regular_Loss,Reference,2045,128159.98250555317,319332197.913853,272055932.640512,155149696.89617014,107661770.75368512,75225732.42013714
Maharashtra,High,Regular_Loss,Reference,2060,1089091.7974756302,2713655780.9905477,2311906407.1386385,846261549.0154264,440082480.87154555,231697745.12590083
Maharashtra,High,Regular_Loss,Reference,2075,77507.46064761399,193122902.16840187,164531580.61386853,38656742.93863264,15065155.385895303,5976462.011350281
Maharashtra,High,Regular_Loss,Upside,2045,128159.98250555317,390246381.886773,334743882.7541427,190899758.89545673,132469521.30941458,92559473.00592381
Maharashtra,High,Regular_Loss,Upside,2060,1089091.7974756302,3316278023.7505956,2844622867.726157,1041259692.4224381,541487615.981068,285086239.71567225
Maharashtra,High,Regular_Loss,Upside,2075,77507.46064761399,236009755.11721995,202443444.6101147,47564146.46176974,18536514.01468511,7353576.44802971
Maharashtra,Medium,Early_Loss,Downside,2045,276226.1034674232,562824981.5284737,475999765.5031749,271456015.03221345,188369270.7415691,131617901.67283326
Maharashtra,Medium,Early_Loss,Downside,2060,382238.3931802025,778830508.3429337,658682808.163873,241107482.47654444,125383433.96130851,66012759.39783913
Maharashtra,Medium,Early_Loss,Downside,2075,144121.59439975445,293655207.41041166,248353954.52159864,58350834.17976388,22740259.964743108,9021234.519410178
Maharashtra,Medium,Early_Loss,Reference,2045,276226.1034674232,688263894.9924135,586368293.2012585,334397644.17823535,232045844.9376335,162135719.28349102
Maharashtra,Medium,Early_Loss,Reference,2060,382238.3931802025,952411383.2959104,811409462.7248003,297012295.4333277,154455685.68691826,81318924.63581075
Maharashtra,Medium,Early_Loss,Reference,2075,144121.59439975445,359103244.2949051,305938983.53851485,71880453.57268056,28012970.570235267,11112959.020311825
Maharashtra,Medium,Early_Loss,Upside,2045,276226.1034674232,841106836.5757031,721481047.2428572,411450559.8522355,285514549.7379328,199495521.672037
Maharashtra,Medium,Early_Loss,Upside,2060,382238.3931802025,1163913626.0831213,998376883.0906436,365450766.0762825,190045831.52616513,100056676.98469922
Maharashtra,Medium,Early_Loss,Upside,2075,144121.59439975445,438849394.8477261,376434368.62985766,88443364.8974761,34467803.900269456,13673640.619564667
Maharashtra,Medium,Fixed_25,Downside,2045,12036.70713996764,24525413.741409473,20741956.332634203,11828847.865244396,8208296.455779903,5735323.768920302
Maharashtra,Medium,Fixed_25,Downside,2060,562052.1062008445,1145210254.6414025,968542318.7519989,354529975.96407807,184366679.0097263,97066676.4973382
Maharashtra,Medium,Fixed_25,Downside,2075,289.7175132101786,590314.4271092564,499248.50193049165,117298.58140071676,45713.14655640238,18134.753795464465
Maharashtra,Medium,Fixed_25,Reference,2045,12036.70713996764,29991484.63901113,25551326.731358714,14571564.60139988,10111527.6344259,7065154.760703293
Maharashtra,Medium,Fixed_25,Reference,2060,562052.1062008445,1400447557.079286,1193115096.89391,436733696.02395964,227115185.1930827,119573213.15966755
Maharashtra,Medium,Fixed_25,Reference,2075,289.7175132101786,721880.0163579402,615007.6390285847,144496.22448481733,56312.506151765876,22339.60056562384
Maharashtra,Medium,Fixed_25,Upside,2045,12036.70713996764,36651701.407649025,31438940.64929896,17929188.55006461,12441456.387558699,8693129.070564367
Maharashtra,Medium,Fixed_25,Upside,2060,562052.1062008445,1711445309.125381,1468036282.9455147,537367194.0093465,279447752.47528523,147125634.2692801
Maharashtra,Medium,Fixed_25,Upside,2075,289.7175132101786,882188.098727359,756719.5576797741,177791.48117779102,69288.20398769592,27487.158835072605
Maharashtra,Medium,Regular_Loss,Downside,2045,107880.64374216528,219812394.8435048,185902637.29241776,106017676.39535123,73567986.2755596,51403628.34004511
Maharashtra,Medium,Regular_Loss,Downside,2060,731773.8022850271,1491026994.1329577,1261011012.053462,461586649.4814726,240039498.51830974,126377697.28461006
Maharashtra,Medium,Regular_Loss,Downside,2075,34340.438244777855,69970420.16731848,59176306.4627174,13903490.493752602,5418414.195609159,2149526.226071166
Maharashtra,Medium,Regular_Loss,Reference,2045,107880.64374216528,268802807.2807694,229007281.16018486,130599652.48384312,90625957.55914457,63322421.560947284
Maharashtra,Medium,Regular_Loss,Reference,2060,731773.8022850271,1823337769.6452923,1553397561.1608746,568613254.5355915,295696681.48529476,155680485.63458347
Maharashtra,Medium,Regular_Loss,Reference,2075,34340.438244777855,85564990.0042292,72897325.44682685,17127247.913123727,6674764.388545945,2647929.9271089346
Maharashtra,Medium,Regular_Loss,Upside,2045,107880.64374216528,328495916.37679684,281775830.91277385,160692819.0628745,111508264.55876663,77913365.2884352
Maharashtra,Medium,Regular_Loss,Upside,2060,731773.8022850271,2228246860.8240075,1911336121.351595,699634838.914628,363832004.3867443,191552853.57894385
Maharashtra,Medium,Regular_Loss,Upside,2075,34340.438244777855,104566429.5159376,89694547.46170634,21073760.13338988,8212783.769149955,3258073.942583628
Rajasthan,Conservative,Early_Loss,Downside,2045,313084.5077506428,637925887.8130915,539515094.3421197,307677919.55742806,213504443.1542185,149180419.37072518
Rajasthan,Conservative,Early_Loss,Downside,2060,424568.7538390374,865080808.9366721,731627549.7879986,267808533.1111002,139268815.63651666,73323233.60255371
Rajasthan,Conservative,Early_Loss,Downside,2075,169155.58340816727,344663255.6157676,291493153.7067289,68486401.63287011,26690253.85966771,10588227.215694238
Rajasthan,Conservative,Early_Loss,Reference,2045,313084.5077506428,780102821.7872725,664610716.1235453,379018204.6747245,263009028.56724033,183770401.2164616
Rajasthan,Conservative,Early_Loss,Reference,2060,424568.7538390374,1057884611.7046776,901267665.9088523,329904432.4088876,171560625.94825023,90324454.87463126
Rajasthan,Conservative,Early_Loss,Reference,2075,169155.58340816727,421479647.4148207,359080729.45831454,84366122.30367596,32878836.78736239,13043285.250215806
Rajasthan,Conservative,Early_Loss,Upside,2045,313084.5077506428,953340457.6517918,817752325.6924486,466352724.7353574,323612363.7058414,226115332.39295584
Rajasthan,Conservative,Early_Loss,Upside,2060,424568.7538390374,1292809321.6670117,1108940484.9911637,405922008.64914334,211092143.81122684,111137288.71458921
Rajasthan,Conservative,Early_Loss,Upside,2075,169155.58340816727,515077741.9786493,441821196.2313481,103806019.14739491,40454877.71510747,16048758.452536356
Rajasthan,Conservative,Fixed_25,Downside,2045,116406.23286306637,237183723.9078356,200594146.7891078,114396038.97408825,79381915.46323246,55465953.14038779
Rajasthan,Conservative,Fixed_25,Downside,2060,722354.8813891164,1471835455.3438501,1244780090.7847369,455645403.53293145,236949864.75255024,124751044.9912181
Rajasthan,Conservative,Fixed_25,Downside,2075,5427.312912319111,11058430.942191888,9352482.046943564,2197368.389569824,856349.8554825444,339720.51722137467
Rajasthan,Conservative,Fixed_25,Reference,2045,116406.23286306637,290045749.5726022,247105263.4964109,140920678.92368189,97787943.72307676,68326664.48759677
Rajasthan,Conservative,Fixed_25,Reference,2060,722354.8813891164,1799868940.6640024,1533403228.6187868,561294431.0848019,291890664.32070583,153676666.72954708
Rajasthan,Conservative,Fixed_25,Reference,2075,5427.312912319111,13523064.900402902,11521011.841811784,2706865.098482621,1054908.9296538627,418490.41593113454
Rajasthan,Conservative,Fixed_25,Upside,2045,116406.23286306637,354456284.3702983,304044005.02845967,173392047.60366505,120320537.2171027,84070700.9923586
Rajasthan,Conservative,Fixed_25,Upside,2060,722354.8813891164,2199566302.906893,1886734634.28511,690629590.0478568,359148993.2458445,189087308.66655123
Rajasthan,Conservative,Fixed_25,Upside,2075,5427.312912319111,16526135.428491693,14175718.205272637,3330589.1342390026,1297984.2330104983,514920.2421889169
Rajasthan,Conservative,Regular_Loss,Downside,2045,157378.24935088502,320666327.9538375,271198155.59052056,154660518.6304401,107322319.24745393,74988549.91794905
Rajasthan,Conservative,Regular_Loss,Downside,2060,748169.3653393195,1524433802.3865786,1289264258.47431,471928606.2349959,245417639.57937056,129209219.12649071
Rajasthan,Conservative,Regular_Loss,Downside,2075,73620.4519840637,150005481.04583907,126864613.59284574,29806878.031379096,11616220.482517421,4608243.237519626
Rajasthan,Conservative,Regular_Loss,Reference,2045,157378.24935088502,392134434.5289289,334079995.7009269,190521153.3856264,132206798.65883335,92375902.70353162
Rajasthan,Conservative,Regular_Loss,Reference,2060,748169.3653393195,1864190078.4846406,1588201796.5446348,581353167.3872591,302321834.7377049,159168543.29744923
Rajasthan,Conservative,Regular_Loss,Reference,2075,73620.4519840637,183437764.9237247,156280301.65400988,36718102.53612671,14309635.994427415,5676741.708022127
Rajasthan,Conservative,Regular_Loss,Upside,2045,157378.24935088502,479215830.0598713,411059717.8528968,234421613.2767592,162670288.7160747,113661437.35141039
Rajasthan,Conservative,Regular_Loss,Upside,2060,748169.3653393195,2278171252.477672,1954160053.8259647,715310320.9837943,371983745.4718522,195844640.0289047
Rajasthan,Conservative,Regular_Loss,Upside,2075,73620.4519840637,224173836.93388748,192290881.01812574,45178798.67942092,17606905.561962295,6984793.6866962565
Rajasthan,High,Early_Loss,Downside,2045,562988.5812265159,1147118370.972224,970156076.0581462,553266454.0026474,383923702.90223664,268256239.35117495
Rajasthan,High,Early_Loss,Downside,2060,1055574.9697531515,2150788630.7468495,1818993323.8253064,665833228.8521631,346254109.6672584,182298318.92330474
Rajasthan,High,Early_Loss,Downside,2075,548043.6940571432,1116667389.9119225,944402670.7905233,221887683.4410603,86473204.2883839,34304579.487650976
Rajasthan,High,Early_Loss,Reference,2045,562988.5812265159,1402780942.4496074,1195103030.892672,681550559.1186707,472942851.4577493,330455946.8483342
Rajasthan,High,Early_Loss,Reference,2060,1055574.9697531515,2630142955.4230556,2240757428.753008,820217828.3554673,426538931.3477665,224567241.13618052
Rajasthan,High,Early_Loss,Reference,2075,548043.6940571432,1365543237.0904984,1163378266.7534857,273336063.69360256,106523466.7765508,42258671.497237615
Rajasthan,High,Early_Loss,Upside,2045,562988.5812265159,1714296869.9897852,1470482282.7035275,838595498.5003238,581919772.4571438,406600604.712326
Rajasthan,High,Early_Loss,Upside,2060,1055574.9697531515,3214219483.3598547,2757079526.7387466,1009214898.9475658,524823320.84932613,276312703.44926465
Rajasthan,High,Early_Loss,Upside,2075,548043.6940571432,1668789777.7482498,1431447402.543633,336318985.4728615,131068925.8900751,51996042.28336786
Rajasthan,High,Fixed_25,Downside,2045,116406.23286306637,237183723.9078356,200594146.7891078,114396038.97408825,79381915.46323246,55465953.14038779
Rajasthan,High,Fixed_25,Downside,2060,2730236.985383956,5562999157.493837,4704813008.246797,1722172805.91156,895583737.4353569,471513276.61181545
Rajasthan,High,Fixed_25,Downside,2075,59393.156921221744,121016631.04061669,102347781.08264117,24046641.06969392,9371363.355647588,3717691.2985593774
Rajasthan,High,Fixed_25,Reference,2045,116406.23286306637,290045749.5726022,247105263.4964109,140920678.92368189,97787943.72307676,68326664.48759677
Rajasthan,High,Fixed_25,Reference,2060,2730236.985383956,6802845633.429867,5795702799.476173,2121487450.1723847,1103239845.052553,580841536.6262591
Rajasthan,High,Fixed_25,Reference,2075,59393.156921221744,147988061.24894953,126078830.40220545,29622258.041145317,11544271.098560536,4579700.36829964
Rajasthan,High,Fixed_25,Upside,2045,116406.23286306637,354456284.3702983,304044005.02845967,173392047.60366505,120320537.2171027,84070700.9923586
Rajasthan,High,Fixed_25,Upside,2060,2730236.985383956,8313555326.783634,7131166152.326761,2610326999.2765465,1357451703.984555,714680798.7167686
Rajasthan,High,Fixed_25,Upside,2075,59393.156921221744,180851808.37423903,155130295.49590003,36447908.253266044,14204336.93024763,5634968.76637093
Rajasthan,High,Regular_Loss,Downside,2045,194809.25223897715,396933933.5299603,335700200.7398552,191445133.6798975,132847968.81006677,92823902.89798145
Rajasthan,High,Regular_Loss,Downside,2060,1643671.761674143,3349066280.4510264,2832416499.7438545,1036791613.6781342,539164075.2497063,283862925.5153465
Rajasthan,High,Regular_Loss,Downside,2075,450957.6374138984,918849524.9419277,777101537.3505313,182580233.25671247,71154457.8075795,28227515.955352563
Rajasthan,High,Regular_Loss,Reference,2045,194809.25223897715,485400087.25993097,413537921.6564673,235834898.27752766,163650998.11355537,114346681.3539968
Rajasthan,High,Regular_Loss,Reference,2060,1643671.761674143,4095485236.8335476,3489159762.1570864,1277189135.324839,664178307.3682972,349681304.9090452
Rajasthan,High,Regular_Loss,Reference,2075,450957.6374138984,1123636963.0058181,957285560.0435495,224914522.0352258,87652812.04327203,34772538.87836416
Rajasthan,High,Regular_Loss,Upside,2045,194809.25223897715,593193010.4706002,508826579.21774256,290176688.1983894,201359955.62908342,140694789.21110573
Rajasthan,High,Regular_Loss,Upside,2060,1643671.761674143,5004970705.071678,4293142498.3013225,1571482915.3715682,817220280.0051382,430255927.87370265
Rajasthan,High,Regular_Loss,Upside,2075,450957.6374138984,1373163314.6669297,1177866191.5705419,276740005.86250174,107850037.8687009,42784932.364418134
Rajasthan,Medium,Early_Loss,Downside,2045,432347.24428059335,880929885.7767414,745031640.0592352,424881133.8585532,294834319.023246,206007456.83311072
Rajasthan,Medium,Early_Loss,Downside,2060,697460.4964630096,1421111857.6812158,1201881460.8637233,439942578.84439754,228783904.64995435,120451772.41210401
Rajasthan,Medium,Early_Loss,Downside,2075,321941.2355123764,655971928.9957573,554777230.2691387,130345072.3484571,50797574.2248276,20151785.01959981
Rajasthan,Medium,Early_Loss,Reference,2045,432347.24428059335,1077266031.7126455,917779719.2834,523396949.59869367,363196599.9816506,253773740.2502089
Rajasthan,Medium,Early_Loss,Reference,2060,697460.4964630096,1737840384.645569,1480557831.9811087,541950643.170703,281831289.4328903,148380535.70822772
Rajasthan,Medium,Early_Loss,Reference,2075,321941.2355123764,802170851.8165092,683411634.196838,160567763.13611346,62575843.63616189,24824314.302782178
Rajasthan,Medium,Early_Loss,Upside,2045,432347.24428059335,1316494778.6404982,1129257295.6013677,643999656.356883,446885458.0782506,312249052.3470627
Rajasthan,Medium,Early_Loss,Upside,2060,697460.4964630096,2123763049.3734524,1821712441.6628532,666828548.0683963,346771706.7983684,182570827.13113958
Rajasthan,Medium,Early_Loss,Upside,2075,321941.2355123764,980309140.8304343,840885408.1219084,197566272.3310387,76994758.62216772,30544407.820000947
Rajasthan,Medium,Fixed_25,Downside,2045,116406.23286306637,237183723.9078356,200594146.7891078,114396038.97408825,79381915.46323246,55465953.14038779
Rajasthan,Medium,Fixed_25,Downside,2060,1600363.1327717062,3260822707.681981,2757785981.68981,1009473493.1793003,524957797.93997645,276383503.90151864
Rajasthan,Medium,Fixed_25,Downside,2075,21235.25992556326,43267941.10089242,36593133.73386222,8597567.462678848,3350610.5253511034,1329212.7433573916
Rajasthan,Medium,Fixed_25,Reference,2045,116406.23286306637,290045749.5726022,247105263.4964109,140920678.92368189,97787943.72307676,68326664.48759677
Rajasthan,Medium,Fixed_25,Reference,2060,1600363.1327717062,3987574488.207694,3397224907.0089617,1243536850.4892898,646678066.4384633,340467653.9712201
Rajasthan,Medium,Fixed_25,Reference,2075,21235.25992556326,52911229.33017139,45077865.422324605,10591057.651981227,4127505.762225411,1637413.0075461927
Rajasthan,Medium,Fixed_25,Upside,2045,116406.23286306637,354456284.3702983,304044005.02845967,173392047.60366505,120320537.2171027,84070700.9923586
Rajasthan,Medium,Fixed_25,Upside,2060,1600363.1327717062,4873096188.524202,4180023736.0158195,1530076369.37176,795687580.6769955,418919239.64443207
Rajasthan,Medium,Fixed_25,Upside,2075,21235.25992556326,64661239.743983045,55464843.39187926,13031481.16083111,5078578.112696844,2014710.660775831
Rajasthan,Medium,Regular_Loss,Downside,2045,177638.69767436638,361948039.96541375,306111469.46602726,174571093.68334043,121138703.09997252,84642372.13754961
Rajasthan,Medium,Regular_Loss,Downside,2060,1162670.7024244708,2369001728.66148,2003543382.6286764,733386836.6243408,381384099.13067114,200793804.88050467
Rajasthan,Medium,Regular_Loss,Downside,2075,205831.5399620547,419392415.2095322,354694084.03196126,83335478.67904909,32477178.365773816,12883944.291780656
Rajasthan,Medium,Regular_Loss,Reference,2045,177638.69767436638,442616756.44698167,377088546.8617449,215048329.14606673,149226742.7952569,104268125.49022081
Rajasthan,Medium,Regular_Loss,Reference,2060,1162670.7024244708,2896990024.473217,2468098513.4199967,903434872.8997778,469814397.96499145,247351215.66437563
Rajasthan,Medium,Regular_Loss,Reference,2075,205831.5399620547,512863974.9402897,436935855.29931873,102658206.86799887,40007556.78146361,15871302.827398412
Rajasthan,Medium,Regular_Loss,Upside,2045,177638.69767436638,540908774.2930679,463978429.3379577,264600414.99358118,183612019.81228033,128293902.04922614
Rajasthan,Medium,Regular_Loss,Upside,2060,1162670.7024244708,3540325350.2101765,3036805231.1273518,1111607066.3659315,578070451.25684,304346630.2381995
Rajasthan,Medium,Regular_Loss,Upside,2075,205831.5399620547,626755810.8077464,537615935.4358307,126313021.11312512,49226218.91223447,19528416.385723073
Tamil Nadu,Conservative,Early_Loss,Downside,2045,40620.9906140415,82767370.66130504,69999112.19133122,39919515.57195643,27701025.655127965,19355337.82426371
Tamil Nadu,Conservative,Early_Loss,Downside,2060,34758.28838654245,70821811.45644067,59896356.3312805,21924755.748232923,11401558.907421349,6002773.5813022265
Tamil Nadu,Conservative,Early_Loss,Downside,2075,9389.455860468908,19131502.254471313,16180146.378934495,3801530.119301587,1481517.520561842,587729.2967769486
Tamil Nadu,Conservative,Early_Loss,Reference,2045,40620.9906140415,101214044.82602674,86229580.1718426,49175524.66986042,34123972.97328777,23843197.469540708
Tamil Nadu,Conservative,Early_Loss,Reference,2060,34758.28838654245,86606134.0615212,73784330.95197204,27008378.025892265,14045201.533473589,7394617.296966536
Tamil Nadu,Conservative,Early_Loss,Reference,2075,9389.455860468908,23395411.879123226,19931784.642652437,4682978.625528714,1825032.2013526568,724004.1898994942
Tamil Nadu,Conservative,Early_Loss,Upside,2045,40620.9906140415,123690673.99879976,106098860.60865098,60506697.66577978,41986921.943619475,29337219.08124748
Tamil Nadu,Conservative,Early_Loss,Upside,2060,34758.28838654245,105838780.70393378,90785939.45575246,33231730.10612215,17281539.313431896,9098507.360022638
Tamil Nadu,Conservative,Early_Loss,Upside,2075,9389.455860468908,28590837.06003766,24524526.691050485,5762044.711723033,2245561.6361778853,890831.4231745407
Tamil Nadu,Conservative,Fixed_25,Downside,2045,93690.54128741912,190899326.7021314,161449896.01946348,92072619.73013817,63891206.21170904,44642241.61311517
Tamil Nadu,Conservative,Fixed_25,Downside,2060,15901.546068077934,32400223.07701862,27401943.931181356,10030341.81904268,5216091.546224143,2746204.864226735
Tamil Nadu,Conservative,Fixed_25,Downside,2075,89.87187163150425,183118.5896480494,154869.46847140603,36386.62686765184,14180.454587185086,5625.494458778394
Tamil Nadu,Conservative,Fixed_25,Reference,2045,93690.54128741912,233445775.25791848,198884761.77373666,113421200.5853804,78705453.76703466,54993293.9393138
Tamil Nadu,Conservative,Fixed_25,Reference,2060,15901.546068077934,39621382.25110704,33755544.13632631,12356044.769139774,6425529.84014141,3382958.513257679
Tamil Nadu,Conservative,Fixed_25,Reference,2075,89.87187163150425,223930.91616937722,190778.55175111163,44823.476476258365,17468.430776044603,6929.859683271256
Tamil Nadu,Conservative,Fixed_25,Upside,2045,93690.54128741912,285287139.0868392,244712389.58330113,139556056.36711258,96841002.2607999,67665014.91077764
Tamil Nadu,Conservative,Fixed_25,Upside,2060,15901.546068077934,48420112.87887286,41533598.620705456,15203161.943067115,7906119.842950445,4162470.03670534
Tamil Nadu,Conservative,Fixed_25,Upside,2075,89.87187163150425,273659.3127739178,234738.322151441,55151.83737613297,21493.559382591404,8526.658892547825
Tamil Nadu,Conservative,Regular_Loss,Downside,2045,39019.146489014674,79503530.35525648,67238774.12655696,38345333.3443386,26608666.15005116,18592081.347426612
Tamil Nadu,Conservative,Regular_Loss,Downside,2060,54329.15545150735,110698465.96543111,93621366.44682793,34269623.69479795,17821276.450155795,9382671.995006459
Tamil Nadu,Conservative,Regular_Loss,Downside,2075,1449.8084652458165,2954059.780841948,2498346.3938371586,586987.2152074992,228758.3726511373,90750.1906822572
Tamil Nadu,Conservative,Regular_Loss,Reference,2045,39019.146489014674,97222780.19599262,82829211.43849003,47236341.89522129,32778331.599122465,22902967.179459214
Tamil Nadu,Conservative,Regular_Loss,Reference,2060,54329.15545150735,135370248.0443261,115329050.19935331,42215610.617636,21953438.24108656,11558201.835589953
Tamil Nadu,Conservative,Regular_Loss,Reference,2075,1449.8084652458165,3612442.157917709,3077629.900155996,723090.0442741613,281799.837412,111792.144186863
Tamil Nadu,Conservative,Regular_Loss,Upside,2045,39019.146489014674,118813068.19769713,101914968.63632527,58120682.53627184,40331213.81768082,28180338.086482264
Tamil Nadu,Conservative,Regular_Loss,Upside,2060,54329.15545150735,165431954.12028176,141903518.4543892,51943059.18576455,27012015.82078744,14221477.629800089
Tamil Nadu,Conservative,Regular_Loss,Upside,2075,1449.8084652458165,4414658.124399164,3786786.6819128217,889706.6373517999,346733.0075077809,137551.62787047046
Tamil Nadu,High,Early_Loss,Downside,2045,85546.6818620872,174305791.64843404,147416192.7304259,84069394.8399755,58337593.27754062,40761805.710694656
Tamil Nadu,High,Early_Loss,Downside,2060,122863.14655449917,250340019.7230869,211720862.78160536,77499341.99031764,40302082.41020958,21218526.126808956
Tamil Nadu,High,Early_Loss,Downside,2075,55703.69174252517,113499154.79567254,95990001.9377791,22552879.001970757,8789220.21711338,3486750.676740417
Tamil Nadu,High,Early_Loss,Reference,2045,85546.6818620872,213153976.84354213,181597109.04519564,103562293.79791641,71864142.54523943,50213113.901674636
Tamil Nadu,High,Early_Loss,Reference,2060,122863.14655449917,306134238.3544726,260811895.17627972,95468864.02148885,49646796.04484686,26138397.2239379
Tamil Nadu,High,Early_Loss,Reference,2075,55703.69174252517,138795136.89294976,118246893.54865995,27782142.189042505,10827148.311366957,4295212.290656
Tamil Nadu,High,Early_Loss,Upside,2045,85546.6818620872,260489135.73823106,223441263.6722048,127425430.48545727,88423295.43380234,61783371.34383673
Tamil Nadu,High,Early_Loss,Upside,2060,122863.14655449917,374117548.0266634,320908960.19950885,117467088.16274358,61086560.81510612,32161285.698822353
Tamil Nadu,High,Early_Loss,Upside,2075,55703.69174252517,169617408.92337155,145493700.0855536,34183787.34595149,13321972.543385126,5284928.086193854
Tamil Nadu,High,Fixed_25,Downside,2045,93690.54128741912,190899326.7021314,161449896.01946348,92072619.73013817,63891206.21170904,44642241.61311517
Tamil Nadu,High,Fixed_25,Downside,2060,229270.5923545758,467150697.51619124,395084848.3457056,144618793.70253935,75206297.13982621,39595144.60120577
Tamil Nadu,High,Fixed_25,Downside,2075,8180.874107484691,16668954.384229155,14097487.919829994,3312208.9058166593,1290821.161935151,512078.5972758817
Tamil Nadu,High,Fixed_25,Reference,2045,93690.54128741912,233445775.25791848,198884761.77373666,113421200.5853804,78705453.76703466,54993293.9393138
Tamil Nadu,High,Fixed_25,Reference,2060,229270.5923545758,571266324.653449,486691895.6341467,178151086.1429559,92644138.27021614,48775942.85014662
Tamil Nadu,High,Fixed_25,Reference,2075,8180.874107484691,20384026.733824033,17366226.89559064,4080200.0832430413,1590119.6941806716,630812.6071283759
Tamil Nadu,High,Fixed_25,Upside,2045,93690.54128741912,285287139.0868392,244712389.58330113,139556056.36711258,96841002.2607999,67665014.91077764
Tamil Nadu,High,Fixed_25,Upside,2060,229270.5923545758,698127585.46166,598836912.9403362,219201197.7594365,113991480.56794035,60015042.99568771
Tamil Nadu,High,Fixed_25,Upside,2075,8180.874107484691,24910712.834864423,21367805.37515755,5020372.116212277,1956519.879230913,776166.3542895005
Tamil Nadu,High,Regular_Loss,Downside,2045,49975.31452507012,101827289.75058457,86118718.31181322,49112301.70017929,34080101.17073612,23812543.241429508
Tamil Nadu,High,Regular_Loss,Downside,2060,196526.80900879198,400433544.3383181,338659937.7430117,123964742.9579889,64465544.58846238,33940277.0359762
Tamil Nadu,High,Regular_Loss,Downside,2075,39519.364782753226,80522751.01687945,68100762.86524265,16000294.133104336,6235572.34808702,2473699.0958791645
Tamil Nadu,High,Regular_Loss,Reference,2045,49975.31452507012,124521919.53159207,106086787.28191741,60499812.41624649,41982144.11825684,29333880.70579848
Tamil Nadu,High,Regular_Loss,Reference,2060,196526.80900879198,489679669.4479438,417183923.3157977,152708047.38437176,79412962.12755,41809899.41313425
Tamil Nadu,High,Regular_Loss,Reference,2075,39519.364782753226,98469158.38716727,83891066.72097641,19710230.637674384,7681394.361645671,3047267.7128545507
Tamil Nadu,High,Regular_Loss,Upside,2045,49975.31452507012,152174534.4824548,130531625.38670453,74440362.01508626,51655796.630095646,36093082.140873015
Tamil Nadu,High,Regular_Loss,Upside,2060,196526.80900879198,598422960.584524,513312703.5971181,187895497.12482977,97711536.83573553,51443862.77951954
Tamil Nadu,High,Regular_Loss,Upside,2075,39519.364782753226,120336229.9168912,103221499.82177886,24251921.54274047,9451364.462544926,3749428.3476631353
Tamil Nadu,Medium,Early_Loss,Downside,2045,66149.58821155997,134783209.46477163,113990633.33110218,65007265.3761692,45109964.39095116,31519360.00123287
Tamil Nadu,Medium,Early_Loss,Downside,2060,79011.00907960927,160989020.10910663,136153757.092326,49838388.36444402,25917521.148847893,13645240.313925825
Tamil Nadu,Medium,Early_Loss,Downside,2075,30290.50331263952,61718468.14410537,52197356.77692743,12263784.225942679,4779394.251507868,1896022.1418058192
Tamil Nadu,Medium,Early_Loss,Reference,2045,66149.58821155997,164822848.61250234,140421273.18410003,80080289.96403225,55569466.086459965,38827652.16739516
Tamil Nadu,Medium,Early_Loss,Reference,2060,79011.00907960927,196869246.5114044,167723288.84400138,61394254.449408084,31926933.03954179,16809118.098492682
Tamil Nadu,Medium,Early_Loss,Reference,2075,30290.50331263952,75473894.49996923,64300189.245996445,15107348.250797741,5887576.954644282,2335646.669882776
Tamil Nadu,Medium,Early_Loss,Upside,2045,66149.58821155997,201425101.33178782,172777567.28443515,98532632.36887048,68373950.38518009,47774437.11148727
Tamil Nadu,Medium,Early_Loss,Upside,2060,79011.00907960927,240588051.11965787,206370595.89552623,75540904.08440647,39283633.429195374,20682325.885528184
Tamil Nadu,Medium,Early_Loss,Upside,2075,30290.50331263952,92234401.81707805,79116433.15814924,18588429.087019246,7244210.227959428,2873833.4335515206
Tamil Nadu,Medium,Fixed_25,Downside,2045,93690.54128741912,190899326.7021314,161449896.01946348,92072619.73013817,63891206.21170904,44642241.61311517
Tamil Nadu,Medium,Fixed_25,Downside,2060,110879.76352817305,225923256.62294036,191070795.9021054,69940490.3297323,36371243.06721852,19148989.95618132
Tamil Nadu,Medium,Fixed_25,Downside,2075,2289.148031691441,4664257.586374793,3944717.434772368,926812.5138809019,361193.7652733326,143288.3207373806
Tamil Nadu,Medium,Fixed_25,Reference,2045,93690.54128741912,233445775.25791848,198884761.77373666,113421200.5853804,78705453.76703466,54993293.9393138
Tamil Nadu,Medium,Fixed_25,Reference,2060,110879.76352817305,276275619.7324353,235373764.0086637,86157365.84859875,44804525.683722794,23589004.387984708
Tamil Nadu,Medium,Fixed_25,Reference,2075,2289.148031691441,5703798.159293006,4859366.321207341,1141709.5369940624,444942.5966300132,176512.12071005092
Tamil Nadu,Medium,Fixed_25,Upside,2045,93690.54128741912,285287139.0868392,244712389.58330113,139556056.36711258,96841002.2607999,67665014.91077764
Tamil Nadu,Medium,Fixed_25,Upside,2060,110879.76352817305,337628218.2268212,289609297.9778112,106010006.44282383,55128519.88471474,29024454.06170375
Tamil Nadu,Medium,Fixed_25,Upside,2075,2289.148031691441,6970442.095153255,5979076.193258634,1404785.6985932027,547467.6142991852,217184.5769587595
Tamil Nadu,Medium,Regular_Loss,Downside,2045,46137.36652576003,94007272.07411,79505069.83778176,45340630.38919313,31462855.889790513,21983814.326755382
Tamil Nadu,Medium,Regular_Loss,Downside,2060,131148.13188885164,267221106.12019682,225997757.78481096,82725326.59040222,43019757.89774351,22649347.188348413
Tamil Nadu,Medium,Regular_Loss,Downside,2075,14909.237195150748,30378342.392807137,25691972.335843824,6036336.40707552,2352457.528004721,933237.8385289168
Tamil Nadu,Medium,Regular_Loss,Reference,2045,46137.36652576003,114959025.2010965,97939653.50454777,55853615.864445135,38758046.63019435,27081130.3262017
Tamil Nadu,Medium,Regular_Loss,Reference,2060,131148.13188885164,326777675.7580956,278399127.69601387,101906580.78592539,52994610.16701482,27900978.142112132
Tamil Nadu,Medium,Regular_Loss,Reference,2075,14909.237195150748,37148877.43949373,31649086.95200231,7435962.226712234,2897914.254361916,1149624.6809083412
Tamil Nadu,Medium,Regular_Loss,Upside,2045,46137.36652576003,140488005.72894594,120507204.42486581,68723574.81366909,47688792.85606655,33321246.21131607
Tamil Nadu,Medium,Regular_Loss,Upside,2060,131148.13188885164,399345278.9260175,342548695.9825728,125388203.07791242,65205788.38392547,34330005.838432886
Tamil Nadu,Medium,Regular_Loss,Upside,2075,14909.237195150748,45398538.282783955,38941765.206553414,9149379.113418879,3565660.413939571,1414524.6738866568
